tweetId	authorId	coordinates	date	text
1117918047191355399	63734982	null	2019-04-16 00:30:07	Portadas sobre el incendio de la Catedral de Notre Dame de Par√≠s, Francia #15abril #NotreDame #NotreDameFire #NotreDameDeParis https://t.co/cIwJ9YchS3
1117918057844883456	2990598039	null	2019-04-16 00:30:09	1. Falta de respeto hacia el patrimonio hist√≥rico y art√≠stico 2. Falta de respeto hacia la cultura de un pa√≠s, en este caso Francia 3. Falta de respeto hacia quien no tiene tus creencias religiosas 4. Si hubiese llegado a haber alguien herido, falta de respeto hacia √©l  Todo mal https://t.co/zhHeDWkc7G
1117918167500754946	3089403639	null	2019-04-16 00:30:35	Biblioteca p√∫blica m√≥vil (a√±os 50) https://t.co/BX7ADSxJVB
1117918198832271361	1435286684	null	2019-04-16 00:30:43	Tengo que estar un mes con las putas muletas, llevo cuatro d√≠as y ya tengo unos moretones en los brazos m√°s grandes que yo de vd me quiero matar
1117918208483180544	266238057	null	2019-04-16 00:30:45	@Osquirivers Entoncrs incluye un s√≥tano para herramientas en tu proyecto.
1117918260022980609	318052990	null	2019-04-16 00:30:57	@FAMAabailarCero Buen√≠sima
1117918276066140162	901937041	null	2019-04-16 00:31:01	@Gaditaneador @hdadlasaguas @AntonioBescansa Encima calvo. Lo tiene todo.ü§¶üèΩ‚Äç‚ôÇÔ∏èü§¶üèΩ‚Äç‚ôÇÔ∏èü§¶üèΩ‚Äç‚ôÇÔ∏è
1117918292339904513	214609656	null	2019-04-16 00:31:05	La vida son detalles...  @marca https://t.co/sKU4gmkspz
1117918304629346313	121245807	null	2019-04-16 00:31:08	@javisanchez3 @GuerraDeMedios Es un incendio, ya. Todos los medios lo han dado. No hace falta hacer un 24 horas. Por suerte no hay v√≠ctimas de las que informar. Estar haciendo una retransmisi√≥n en directo de unas flamas no se que sentido tiene.
1117918366138810370	270225908	null	2019-04-16 00:31:23	Y luego nos hacemos fotos con filoetarras, porque esta historia en democracia, no queremos aprenderla.  Aun queda camino, y espero que no tengamos alg√∫n susto.
1117918466890244099	3023268831	null	2019-04-16 00:31:47	@EelkeCR @Agudoo_ @CristianoPL_CR @KahBoom_ @TrainerLuisCR @BelikinRoyale Para eso ficho a @MalcaideCR üòè
1117918541238419456	405650854	null	2019-04-16 00:32:04	Y la Mezquita de la M30 pa cu√°ndo
1117918636478328832	211684480	[-3.70325, 40.4167]	2019-04-16 00:32:27	#conquis14 es ahora una tendencia en Spain  https://t.co/L9qQ8xu3yF https://t.co/2fuP8Hr3EM
1117918656250417153	492493630	null	2019-04-16 00:32:32	@lvaroMartn12 @alex_ferriol @vitorinoantun3s @GetafeCF No te quito ni una coma, el gilipollas es el, la familia ahi no pinta nada..
1117918669772816384	2543169629	null	2019-04-16 00:32:35	Que cojones es esto de #ProyectoArkanoImagen xddddddd
1117918683291168768	197503858	null	2019-04-16 00:32:38	@BeckmesserSpain Por √∫ltimo, recordad c√≥mo se consumi√≥ de arriba a abajo, la torre Windsor en Madrid. Rodeada de bomberos y medios contra incendios, presenciamos por televisi√≥n su destrucci√≥n. Se limitaron a proteger lo colindante.
1117918708285026305	715780902417252352	null	2019-04-16 00:32:44	Si es franquista, que casualidad, es como su abuelo.
1117918721090170880	144362316	null	2019-04-16 00:32:47	En 1966 un rayo provoc√≥ el incendio de la Catedral de Le√≥n. El cantero pidi√≥ a los bomberos no ‚Äúmojar‚Äù la piedra de la estructura para que la humedad no provocara su derrumbe. Solo rociaron agua en el tejado de madera y pizarra. La Catedral de Le√≥n se salv√≥. Imagen: NODO https://t.co/mNcutXvowD
1117918732607729665	90463762	null	2019-04-16 00:32:50	@Tuitower @_ElAguijon @DemagogiaVs Am√©n.
1117918790778535938	186256294	[-3.68538, 40.3936]	2019-04-16 00:33:04	Parque Enrique Tierno Galv√°n 01 en Parque de Enrique Tierno Galv√°n https://t.co/wvVcKHuexg
1117918833690533894	2244781070	null	2019-04-16 00:33:14	Pffffffffff muerta estoy
1117918847833653251	202117053	null	2019-04-16 00:33:17	@luis_ulecia Repugnante que hagas pol√≠tica con la tragedia. Sois m√°s de lo mismo... peor sois m√°s asquerosos.
1117918875205632000	272947631	[-3.676729, 40.408072]	2019-04-16 00:33:24	üåö en Retiro (Madrid) https://t.co/dfcDs0LuDV
1117918881350324224	201835749	null	2019-04-16 00:33:25	@BeverlyGili Eso es la catedral de Santiago, no Notre dame
1117918895673872384	715780902417252352	null	2019-04-16 00:33:29	Que hdp es este, no de ahora claro!!!!
1117918989475287040	36633911	null	2019-04-16 00:33:51	@TelecoLANParty He perdido el vuelo ampliadla un d√≠a por faaavoooooorrrrrrrrr
1117919029610590208	757186578779402240	null	2019-04-16 00:34:01	Bueno, pues va tomando forma esto, a ver si alg√∫n d√≠a tengo m√°s de 80cm de mesa y un metro cuadrado para moverme con la silla xD Aun as√≠ m√°s feliz que una peeerdiz üòäüòä https://t.co/pKbJnClsZ2
1117919038959579137	2889784065	null	2019-04-16 00:34:03	El tiempo acaba d√°ndome la raz√≥n jajajajajajajajajajaja y a ti el tiempo te hace caer m√°s bajo
1117919104772509696	547906842	null	2019-04-16 00:34:19	@JRhodesPianist En espa√±ol algunos verbos irregulares son muy dif√≠ciles üòì
1117919118928306177	983647496453935104	null	2019-04-16 00:34:22	Xddd. Imag√≠nate los dos del d√∫o todo dorado. Uno minigun y otro lanzacohetes y con grieta. Lo de los cofres del tesoro no es normal. Lamentable ver
1117919156551192576	901937041	null	2019-04-16 00:34:31	En directo, la @hdadlasaguas
1117919194723565570	2553413026	null	2019-04-16 00:34:40	Este v√≠deo lo grab√© el 15 de enero del 2015 cuando tuve la oportunidad de conocer Paris con mi padre, quede asombrado despues de escuchar la voz de esa chica afuera de la Catedral de Notre Dame https://t.co/FLHmW7U3gD
1117919233319550976	314730826	null	2019-04-16 00:34:49	Bromas de estas s√≠, por favor
1117919246032482305	901937041	null	2019-04-16 00:34:52	Expiraci√≥n del museo
1117919285207343105	125048384	null	2019-04-16 00:35:02	@JuliaJustto22 Desde luego q pa‚Äô distinguir colores noüòÇ
1117919345445888000	186256294	[-3.68538, 40.3936]	2019-04-16 00:35:16	Parque Enrique Tierno Galv√°n 02 en Parque de Enrique Tierno Galv√°n https://t.co/6FoiL38g9p
1117919368430653443	506282558	null	2019-04-16 00:35:22	@Almiu_ Te recomiendo que bloquees todas las palabras y hanstag que puedas que la gente es muy bocazas
1117919403469832193	227339018	[-3.7644, 40.3281]	2019-04-16 00:35:30	üéºLA VIDA ES M√öSICA SI ACARICIAS SUS NOTASüé∂ en Legan√©s https://t.co/yUMgktmt8k
1117919404891746305	148700417	null	2019-04-16 00:35:30	@DavidBayon Y nuestro Jos√© Manuel Soto, por supuesto.
1117919409232863233	1109775315390382080	null	2019-04-16 00:35:31	Espero que la cabeza del codero est√© bien.
1117919412521185281	709782688379629568	null	2019-04-16 00:35:32	@PatriFdez18 Te presento  otra IMB√âCIL Y QUE MEZCLA D TODO  https://t.co/HMIPOljYM4
1117919443919757317	97786386	null	2019-04-16 00:35:40	Y ojo, que l√≥gicamente, como a todos me parece una tragedia art√≠stica lo de hoy y, como el 99,99% de la gente tambi√©n tengo fotos en Notre Dame pero lo que hablo es de esa gente que lo mismo se suma a esto que reza por Karl Lagerfeld en nombre de la moda.
1117919444477542401	773863152	null	2019-04-16 00:35:40	"Estoy viendo ""¬øA qui√©n te llevar√≠as a una isla desierta?"" y el actor que hace de Eze no me puede parecer m√°s lamentable, lo siento."
1117919459275157504	403487449	null	2019-04-16 00:35:43	@albuus11 Vivir puedes dejarme?
1117919487511154689	715780902417252352	null	2019-04-16 00:35:50	Ojal√° y se lo hagan a ella. Un ser as√≠ no es digno de nada. Qu√© hdp m√°s mala.
1117919569694347265	148700417	null	2019-04-16 00:36:10	@calamity__anne @esmetripi Yo me enter√© por mi hermano que me escribi√≥ porque nos esperaban. üòÇ
1117919594277036034	201835749	null	2019-04-16 00:36:15	@BertaAsturies @PRosino @TwitterEspana @negua597 @TwitterSupport El de abascal sobre los musulmanes y Notre Dame aun no ha provocado el cierre de su cuenta, y eso s√≠ es xenofobia
1117919606365093889	2671263641	null	2019-04-16 00:36:18	qu√© bonito ver a gente de mi edad publicando que est√° viendo HSM‚ù§Ô∏è
1117919669405519874	1147398824	null	2019-04-16 00:36:33	@EugeniodOrs_ Jaaaaaaaajajajajaaasjajajaaaa...!!!
1117919679866130432	1012393964899635201	null	2019-04-16 00:36:36	Voy a darte lo mejor de m√≠! üíï
1117919700888039424	615575147	null	2019-04-16 00:36:41	Se me hab√≠a olvidado que el blazing bull era la mayor lacra del sekiro de lejos
1117919709893152773	419766983	null	2019-04-16 00:36:43	@cris_m00 La divasa
1117919710505467904	1066749815378386951	null	2019-04-16 00:36:43	No s√©, ojal√° leyera √©sto y no me diera el p√°lpito que me da... ojal√° üòî.
1117919724384522242	148700417	null	2019-04-16 00:36:46	@DavidBayon Aqu√≠ tienes. https://t.co/9nyMo22e7d
1117919736547950598	202117053	null	2019-04-16 00:36:49	Y as√≠ es √©l y los que le siguen... y su pol√≠tica y su pensamiento... ü§¶üèº‚Äç‚ôÇÔ∏è Vü§ÆX
1117919750586286086	110646692	null	2019-04-16 00:36:53	@BreatheInDeep Ah√≠ la siesta de dos horas. Grasias ‚ô•Ô∏è
1117919755804004356	615575147	null	2019-04-16 00:36:54	Qu√© aut√©ntica basura de pelea
1117919850221977600	351616050	null	2019-04-16 00:37:16	Y t√∫ qui√©n eres para decir c√≥mo me debo sentir?  Enfadado estaba tras lo del Ajax, esto ya me lo tomo a co√±a porque me la suda acabar tercero con 70 puntos que con 60, es una puta mierda igual.
1117919856228089856	51649461	null	2019-04-16 00:37:18	Fiscal√≠a Anticorrupci√≥n de Espa√±a asombrada por ‚Äútesoro‚Äù encontrado en mansiones de hijo de Roberto Rinc√≥n https://t.co/aiCz8Rh4Ud v√≠a @edodelincuente
1117919883826798593	5556452	[-3.70350478, 40.41711534]	2019-04-16 00:37:24	Kilometro Cero. @ Puerta del Sol Madrid https://t.co/hM4xdVELCW
1117919888981491713	235211719	null	2019-04-16 00:37:26	Buenas noches
1117919891741388800	3890033969	null	2019-04-16 00:37:26	de verdad que ‚Äúdonde estar√° el jorobado‚Äù es lo primero que piensas al ver que historia, arte, cultura y patrimonio se est√°n quemando?? hay que ser imb√©cil xd
1117919940063920128	1656654560	null	2019-04-16 00:37:38	I√±aki de paseo en el duelo #Conquis14 üòÇüòÇ (y caida de Asier) https://t.co/U9i5QR8H90
1117919957529001984	796024382443417603	[-3.8647, 40.3218]	2019-04-16 00:37:42	Feliz d√≠a a todos los locos de los pedales #bikelife supergrupeta @tripablocorps en M√≥stoles, Madrid, Spain https://t.co/cC7yXNhUr0
1117920010180136965	2670032094	null	2019-04-16 00:37:55	Adem√°s es idiota por partida doble, porque me da que la foto que pone es de Santiago.
1117920068141297664	206791651	null	2019-04-16 00:38:08	"""No me enveneno, solo intentaba llamar tu atenci√≥n"".  https://t.co/Trj3Cz4Lsh"
1117920083366621185	963725109306552320	null	2019-04-16 00:38:12	Europa es nuestra civilizaci√≥n.  #NotreDame #NotreDamedeParis #France  https://t.co/uIjpbfZKN8
1117920137271808000	110646692	null	2019-04-16 00:38:25	Algo que he desaprendido es a que pedir ayuda est√° mal visto.  Pedir ayuda amigos, es confiar en la gente que te rodea y saber que te van a impulsar a crecer, a levantarte y a estar bien.
1117920203533320193	1096736360910807042	null	2019-04-16 00:38:41	@Zway1968 @Scio_Regis @Breaking_doc @riboflavinachan @AspenParamore @darkmoonselina @IrastorzaImaz @MasculinismoEsp @CogedTuppers @ThxGuardian @migelino @RadfemNoEsTerf @AlexMegas4 @pepeblai Bueno eso es probablemente porque no vive en Espa√±a.
1117920227025616896	872101193492951040	null	2019-04-16 00:38:46	Pero si es muy fea....
1117920269740511233	200460772	null	2019-04-16 00:38:56	Y me han sobrado minutos!
1117920277461995520	1656654560	null	2019-04-16 00:38:58	Parece que lo est√©n rescatando üòÇüòÇ #Conquis14
1117920348517883905	202117053	null	2019-04-16 00:39:15	@Santi_ABASCAL Ellos saben diferencias el nazismo as√≠ que mejor no le dig√°is nada por si acaso  Vü§ÆX
1117920359775440897	378644320	null	2019-04-16 00:39:18	Adesanya me recuerda al Doctor Octopus #UFC236enGol
1117920369309036545	746337231330283521	null	2019-04-16 00:39:20	@saraysevi @acacias38_tve Me ha dado pena ver triste a Carmen. Pero Carmen tranquila porque estoy segura de que D. Ram√≥n cuando pase un tiempo volver√° contigo y te pedir√° algo serio porque querr√° rehacer su vida y ser feliz √©l y hacerte a t√≠ tambi√©n.
1117920411763859456	254567407	null	2019-04-16 00:39:30	Te quiero recordar c√≥mo te vi en 2013. Te quiero recordar c√≥mo eras.   Volver√°s a resurgir, porque los sitios que dan Paz merecen volver a ser construidos.   Todo mi cari√±o a nuestros hermanos franceses üá®üáµ  #NotreDame https://t.co/UM1I0gXFOd
1117920445771210752	506282558	null	2019-04-16 00:39:38	@Almiu_ Yo el a√±o pasado ten√≠a prohibido abrir ninguna Red social para evitar spoilers hasta que hubiera visto el cap√≠tuloüòÇ
1117920452016582666	859920817	null	2019-04-16 00:39:40	@MartaFerreroB @sanchezcastejon Son los espacios concedidos por la junta electoral ;) adem√°s nos encanta compartir el proyecto con todos los vecinos de Las Rozas independientemente del barrio.
1117920472082022402	175387235	null	2019-04-16 00:39:45	Realmente los mejores albumes de Beyonc√© son los 2 que menos √©xito han tenido, el p√∫blico general es esa basura que no deber√≠a tener permitido el acceso a spotify.
1117920484912504832	842463459786817538	null	2019-04-16 00:39:48	El preocupante aspecto f√≠sico de Miguel Marcos antes de su boda con Bel√©n Esteban https://t.co/mgcd6Z6Pxu v√≠a @columna_cero
1117920529518944257	789634196	null	2019-04-16 00:39:58	@maxpradera Lamentable es poco
1117920548787511297	2978643977	null	2019-04-16 00:40:03	A ver, que os veo venir. Lo digo porque ya est√° todo el mundo con los tuits super tristes de la tragedia que supone (y es terrible), as√≠ que al menos aprovecho y planteo el debate del arte como discurso. Besis.
1117920594484432900	1889851442	null	2019-04-16 00:40:14	desconexi√≥n
1117920606673154049	1071365587111170053	null	2019-04-16 00:40:17	Para una mejor proteccion animal una ley de ambito nacional. https://t.co/slxY9RkP8h
1117920632090525697	963725109306552320	null	2019-04-16 00:40:23	Europa es nuestra civilizaci√≥n.  #NotreDame #NotreDamedeParis #France  https://t.co/jbkzYHdNYK
1117920633948639233	2630801812	null	2019-04-16 00:40:23	Si, buscan votos ‚úña las  Elecciones Europeas en La Rioja (sirven votos en toda Espana) ERC debe in- vitar al acto q monten en #Haro, aparte d Cyril Blanchot, el Monaguillo y la Sig√ºi vasca d Vallmit- jana, tambi√©n a SOLEDAD, argentina q trabaj√≥ en lavan- der√≠a y conmigo en Acnur
1117920646791671809	306310431	null	2019-04-16 00:40:26	Si siguen pensando que este programa es gran hermano no #FamaABailar15A  @Aritz_FAB19 cuando salgas de ah√≠ bien que te pedir√°n fotos y masterclass las que no te apoyan ahora, DE RISA ESTOooOoOoooo
1117920651690618885	3165215843	null	2019-04-16 00:40:27	t√≠o os cuentan algo nuevo y en vez de empaparos de eso lo renegais diciendo no es que a mi me han dicho o yo se esto pues nada quedate en tu burbuja y no aprendas nada nuevo no te jode
1117920682686537729	200460772	null	2019-04-16 00:40:35	Quiero irme a vivir a Medell√≠n, COLOMBIA!
1117920709261582336	80332389	null	2019-04-16 00:40:41	Como se burla de la gente esta descerebrada...
1117920721286701056	595484807	null	2019-04-16 00:40:44	@ninde_black Si se puede todav√≠a, yo quiero
1117920791574786049	1349457918	null	2019-04-16 00:41:01	@leo_negrata Normal con lo malo que eres üòä
1117920803645997059	4171346279	null	2019-04-16 00:41:04	Un hilo de Twitter destapa las mentiras de Casado en un discurso de dos minutos https://t.co/TuV6g0lnQ4
1117920824743297026	310792594	null	2019-04-16 00:41:09	@McAnt_Och A ver Marco que edad tienes t√∫? Llevo m√°s de 35 a√±os practicando esto. ..  No son dos d√≠as   Jol√≠n
1117920844523757575	216130584	null	2019-04-16 00:41:13	ya ve√± a mis brazos @TomHolland1996
1117920861795901447	4902593404	null	2019-04-16 00:41:18	De verdad. Esto es asqueroso parad ya. https://t.co/9AqACN2PgW
1117920863771418625	715780902417252352	null	2019-04-16 00:41:18	Madre, cuanto hijo de puta se alegra. Ya les tocar√° a ellos de alguna forma. Dios castiga sin palos ni piedras.
1117920881278369792	1006835439959986176	null	2019-04-16 00:41:22	@GstringPhil Muy rico
1117920923812814849	306233352	null	2019-04-16 00:41:32	Ayer trabajando en el Taco Bell me pas√≥ una cosa muy fuerte.
1117920926048321537	306233352	null	2019-04-16 00:41:33	Abro Hilo
1117920927507992576	306233352	null	2019-04-16 00:41:33	Antes de nada, que sep√°is que me cago en los andaluces, os odio.  Estaba trabajando como cada d√≠a en el Xanad√∫ y ya est√°bamos cerrando y haciendo caja cuando viene un grupo de chavales, de ah√≠ todo normal.
1117920929034788865	306233352	null	2019-04-16 00:41:34	Cogen y nos pregunta si pueden pedir, ya que todo estaba cerrado y yo pues les dije que si.  De verdad, novos fieis de los andaluces!
1117920930624413696	306233352	null	2019-04-16 00:41:34	Y bueno al decirles que s√≠, veo a lo lejos viene una horda como de zombies a pedir, parec√≠an que ven√≠an de una excursi√≥n pero bueno no es lo m√°s importante. Pues los muy cabrones van y me hacen un pedido de 150‚Ç¨.
1117920932079833089	306233352	null	2019-04-16 00:41:34	S√≠, 150‚Ç¨, yo es que me cago en los andaluces, y bueno tuvimos que salir m√°s tarde por su culpa. Salimos casi a las 4...
1117921022131490817	4902593404	null	2019-04-16 00:41:56	Y tu quien eres
1117921032290091009	856287832108879872	null	2019-04-16 00:41:58	POR FIN üòçüòçüòçüòçüòçüòç
1117921045598621696	110829771	null	2019-04-16 00:42:01	@JessFabric @VirginiaDiazR3 Pr√≥xima portada de Men‚Äôs Health? ü§∑üèº‚Äç‚ôÄÔ∏è
1117921069736894469	1555830475	null	2019-04-16 00:42:07	la madre que me pari√≥ yo por aqu√≠ no paso
1117921081908760578	306233352	null	2019-04-16 00:42:10	Feliz cumplea√±os @gibell0
1117921184006443010	568478145	null	2019-04-16 00:42:34	Me fui a jugar al f√∫tbol con la catedral de NotreDame ardiendo y busco info ahora y sigue:(, me alegro que hayan salvado las obras del interior, pero a mi sangre mitad francesa le duele infinito esto. Y lo peor es que tengo mil preguntas sobre como ha llegado a tanto...
1117921189563981826	2630801812	null	2019-04-16 00:42:36	Si, buscan votos ‚úña las  Elecciones Europeas en La Rioja (sirven votos en toda Espana) ERC debe in- vitar al acto q monten en #Haro, aparte d Cyril Blanchot, el Monaguillo y la Sig√ºi vasca d Vallmit- jana, tambi√©n a &lt;SOLEDAD&gt;, argentina q trabaj√≥ conmigo en Acnur y en lavander√≠a https://t.co/XmI2piQjxz
1117921233608245249	492493630	null	2019-04-16 00:42:46	@Pasion_Violeta Alma de cantaro!! Si los 2 goles del getafe son uno de penalti y el otro es un trallazo desde a tomar por culo, que fuera de juego posicional ni leches... üòÇ
1117921233952227328	470388759	null	2019-04-16 00:42:46	Bnoches chicos üòòüòòüòò
1117921272455925766	369670761	null	2019-04-16 00:42:55	Puedo ver este GIF 20 minutos seguidos y no me aburro ¬øque me pasaaaaaaa? https://t.co/dhDvVdrqn1
1117921323471261698	346869727	null	2019-04-16 00:43:08	Cada detalle especial, har√° de su comuni√≥n, un D√≠a Especial... Diademas ideales para Comuni√≥n con un toque brillante de Cristal Swarovski. . #diadema #detallescomunion #comuniones #detalles #diademas #swarovski https://t.co/mrizzSgA1O
1117921350235115521	80332389	null	2019-04-16 00:43:14	@LaVascaHija Vida normal, tenes que hacer un registro de las actividades qu√© haces por d√≠a para que luego medico cruce la informaci√≥n üëç Vas a tener muchos cables pegados en el cuerpo üòÑ
1117921382682320897	245618995	null	2019-04-16 00:43:22	Este video es mejor que las dos temporadas de Sabrina. Can u believe?
1117921399568465920	289587929	null	2019-04-16 00:43:26	Menos mal
1117921441817739265	306233352	null	2019-04-16 00:43:36	@RLJuanma_ Jajajajajjajakakaka
1117921481172844544	783395997607137280	null	2019-04-16 00:43:45	"@joanguirado @javisanchez3 Un pel√≠n reduccionista eso de ""Es un incendio, ya""."
1117921509819858946	1179981192	[-3.7058, 40.4203]	2019-04-16 00:43:52	'Catedral de Santiago' acaba de convertirse en TT ocupando la 10¬™ posici√≥n en Espa√±a #trndnl https://t.co/MgQbpIi3Kw
1117921532469284865	715780902417252352	null	2019-04-16 00:43:57	Y como saben que son  de Vox???
1117921578006863872	310792594	null	2019-04-16 00:44:08	Dios de la ViDA bendice a Francia, Dios Bendito poda tus manos en Par√≠s,  Dios de Reyes ilumina toda la tierra francesa. Que el Esp√≠ritu Santo envuelva a toda Francia desde el Norte al Sur y del Este al Oeste.  Me dice una alumna, Lessi si t√∫ dijiste eso en un taller (que horror)
1117921609845805057	306233352	null	2019-04-16 00:44:16	Tengo una denuncia puesta a Orange por estafa jajajajajajajaj
1117921633052786690	177978233	null	2019-04-16 00:44:21	Preparty pasada por ahora https://t.co/iGSkUzDgX2
1117921670638067712	182572111	null	2019-04-16 00:44:30	@shul_evolution Qu√© sexy resulta siempre una mente cultivada!  Con qu√© libro andas √∫ltimamente?
1117921763340500993	299668245	null	2019-04-16 00:44:53	LA AMO
1117921769527050241	314730826	null	2019-04-16 00:44:54	Uggh leer a B√©cquer  Me acaba de salir acn√© solo de pensarlo
1117921793937956867	229595613	null	2019-04-16 00:45:00	Los Reyes Cat√≥licos, jejeje. https://t.co/IkhVBaW1uP
1117921837873278976	1213200355	null	2019-04-16 00:45:10	Evito ya hablar totalmente de m√≠.
1117921849336377344	3512934022	null	2019-04-16 00:45:13	El pr√≥ximo d√≠a 24 de abril nos acompa√±ar√° el secretario general de VOX Javier Orrega-Smith en Segovia üá™üá∏üá™üá∏Segovia por Espa√±aüá™üá∏üá™üá∏ #28A #Segovia #Espa√±aViva #PorEspa√±a #VivaEspa√±a #vox https://t.co/LzD1IaQlVF https://t.co/ehFBsclwDW
1117921855837560832	247683718	null	2019-04-16 00:45:15	JAJAJAJJAJAJAJA
1117921855820783616	769312953476710400	null	2019-04-16 00:45:15	@Eilalamia Que bonito üòç Hasta ma√±ana cari√±o  Dulces sue√±os üòòüòòüòòüå∑üå∑üå∑‚ù§‚ù§ https://t.co/6d3m7XVMCU
1117921881238188032	1104978064482713600	null	2019-04-16 00:45:21	@Selvioblog @boydotado20cm Quiero ser una puta con ese pollon.. ü§§ü§§
1117921885755461640	715780902417252352	null	2019-04-16 00:45:22	"Mensaje. Sin Notre Dame, ya nunca ""nos quedar√° Par√≠s"""
1117921892004921346	812696186	null	2019-04-16 00:45:23	Otra protagonista sin personalidad cuyo rol principal en la serie es equivocarse comportandose de manera incoherente para crear situaciones de tensi√≥n/dram√°ticas.  Estoy hablando de Beck, de la serie You.
1117921893871439873	812696186	null	2019-04-16 00:45:24	La serie ha entrado en una espiral de: Beck toma la decisi√≥n err√≥nea aunque Joe ya le ha advertido y cuando se da cuenta de su error regresa a los brazos de Joe para poco despu√©s tomar otra decisi√≥n equivocada... Y todo vuelve a empezar.
1117921895960207360	812696186	null	2019-04-16 00:45:24	Parece que no me est√© gustando la serie pero me est√° entreteniendo. Adem√°s tiene dos cosas que me gustan: - Joe (o mas bien deber√≠a decir Penn Badgley). Es guapete. - El amor que los protagonistas sienten por la literatura. Las conversaciones sobre librosüíô
1117921926922547202	1876895930	null	2019-04-16 00:45:32	Parezco gilipollas en vd, sudo
1117921984514535430	245618995	null	2019-04-16 00:45:45	Creo que yo tambi√©n ya deber√≠a hacer lo mismo.
1117922010565419008	90463762	null	2019-04-16 00:45:51	@marca El Legan√©s tambi√©n ha jugado, o√≠ga
1117922036486217730	406509709	null	2019-04-16 00:45:58	Si te molesta mi adicci√≥n al baloncesto no vas a durar mucho.
1117922060657942528	216130584	null	2019-04-16 00:46:03	quiero que @TomHolland1996 me asfixie con sus brazos :c
1117922067784056832	715780902417252352	null	2019-04-16 00:46:05	Que se lo diga a su p.. m. Ya est√° bien de tanto tolerancia!!!!
1117922108464562178	613539193	null	2019-04-16 00:46:15	Apunto
1117922114873561090	769312953476710400	null	2019-04-16 00:46:16	@MalaFama1981 Un saludo ‚ù§
1117922155151470592	216130584	null	2019-04-16 00:46:26	quiero que @TomHolland1996 me ahorque alv :c
1117922201678884865	715780902417252352	null	2019-04-16 00:46:37	Qu√© le j. a ese gilipollas!!!
1117922225657647109	148700417	null	2019-04-16 00:46:43	Buenas noches, ma√±ana ser√° otro d√≠a. üò¥
1117922250689253376	3972752026	null	2019-04-16 00:46:49	@marioexposure  Totalmente de acuerdo, un poco la misma sensaci√≥n (aunque forma de originarse distinta) que cuando derribaron las Torres Gemelas.... Europa no ser√° lo mismo sin Notre Dame
1117922275423076352	382592853	null	2019-04-16 00:46:55	@BeverlyGili Tragedia es que des lecciones. La pr√≥xima vez danos contexto hist√≥rico con la foto correcta.
1117922275808940032	47716116	null	2019-04-16 00:46:55	@JOSEMANUELSOTO1 Lo tuyo es dar el cante....campeon. https://t.co/WCq09CeD5B
1117922285812441088	1640148619	null	2019-04-16 00:46:57	La vida ense√±a a no fiarte ni de tu sombra
1117922298923823104	2782861914	null	2019-04-16 00:47:00	No se trata de pisar una iglesia por cuestiones religiosas. Soy ateo y no he ido a misa en mi vida, pero se me llena el pecho de angustia viendo las im√°genes de #NotreDame. Era mucho m√°s que religi√≥n. No se√°is tan oportunistas y permitid que la gente se una ante cosas como esta.
1117922311842271233	211684480	[-3.70325, 40.4167]	2019-04-16 00:47:03	#monteperdido4 es ahora una tendencia en Spain  https://t.co/RVxk5kIjts https://t.co/kzm3fQTu7c
1117922312890798080	369670761	null	2019-04-16 00:47:04	@Vicho75 @Sau2The Seamos coherentes, ¬øa que cine te refieres? Porque seguramente sea el mismo cine que yo veo, el qie entra en mi casa. Pero desde luego ni falto al respeto ni hago de menos a quien consume otro tipo de cultura distinta a la que consumo, creo o disfruto yo. Empatia lo llaman.
1117922325893144577	175219568	null	2019-04-16 00:47:07	Necesito agarrar un curso de c√≥mo posar en las fotos jeje, que https://t.co/GjDgYNDPyF conmigoü§¶üèª‚Äç‚ôÄÔ∏è
1117922354166812672	759136515310120960	[-3.66666667, 40.5]	2019-04-16 00:47:13	Toda una historia echada a perder en minutos üò£üò£üò£ en Community of Madrid https://t.co/iKFa4L2gdn
1117922384546279424	133469638	null	2019-04-16 00:47:21	@Iko1986 @ruvenpf @Edurnity @GotTalentES Es una diosa!!!! @Edurnity https://t.co/uS03olvoZR
1117922402372128770	2811837447	null	2019-04-16 00:47:25	@AmorRealBlanco. Buenas noches Lorena, un beso https://t.co/aHswwifZtB
1117922424169930752	356603750	null	2019-04-16 00:47:30	Muy fan de las portadas de @JPBellido. En un d√≠a tr√°gico es un must seguirle.
1117922426254393346	202117053	null	2019-04-16 00:47:31	@DanielMig19 Teniendo en cuenta que pone una foto de Santiago de Compostela ü§¶üèº‚Äç‚ôÇÔ∏è
1117922514603323396	4600396034	null	2019-04-16 00:47:52	incre√≠ble https://t.co/gvjgq0J4Xt
1117922518273335296	71503735	null	2019-04-16 00:47:53	Acabo de salir de ver #DoloryGloria  de #PedroAlmod√≥var. Qu√© pelicul√≥n! Volver a ver un Almod√≥var as√≠ es una pasada. @antoniobanderas hace el papel de su vida: impresionante https://t.co/3uTMHXtHvL
1117922525181304837	331619412	null	2019-04-16 00:47:54	No hace falta hablar todo el tiempo para demostrar que te importa
1117922534077415424	542432123	null	2019-04-16 00:47:56	@nefer_neferu Te fue bien y me alegra tu √©xito, pero a otra gente no. A esa otra gente es a la que hay q ayudar a que disfrute de oportunidades.
1117922560610590720	453404896	null	2019-04-16 00:48:03	@JOSUJUAN @sanchezcastejon Para los CRISTIANOS lo que es una CAT√ÅSTROFE, es ver como los ni√±os se  mueren por falta de agua, de medicinas, de hambre, de lo mas b√°sico,  mientras la iglesia y el vaticano nadan en ORO Y RIQUEZAS sin hacer NADA. Gran perdida lo de Notre D, pero solo material.
1117922603807727616	715780902417252352	null	2019-04-16 00:48:13	Con insultarle no es suficiente, yo Le dir√≠a otra cosa, pero no quiero que se lo tomen a mal otras personas y me callo.
1117922609226747904	202040990	null	2019-04-16 00:48:14	Es otro... otro hueco m√°s... en el coraz√≥n de la vieja Europa... https://t.co/NBPnPBq9as
1117922632651935746	339057992	null	2019-04-16 00:48:20	Que alguien me lleve a Disneyland üòç.
1117922657826234368	80332389	null	2019-04-16 00:48:26	@LG_RDT @Antikracia Tristisimo... ayer estuve en Paris y pase por la puerta üòû
1117922667917606912	1162704691	null	2019-04-16 00:48:28	@GotTalentES @ristomejide Con raz√≥n... Vergonzosa actuaci√≥n la de hoy aparte que ha desafinado un mont√≥n. Risto tiene raz√≥n!
1117922704441651200	851903094208286722	null	2019-04-16 00:48:37	@lozomarti @marire26 Por supuesto.
1117922729607532544	921853189	null	2019-04-16 00:48:43	@aboutDAVEZ Eso... Chica!!! Es que he visto unos comentarios y son tan sucios...
1117922738860187650	2637549969	null	2019-04-16 00:48:45	si vas a volver me avisas
1117922801355251712	1435286684	null	2019-04-16 00:49:00	@oscar_plzm Cogiendo masa muscular para cuando me dejes sacar a Hugo the dog frate
1117922815687237632	3345663592	null	2019-04-16 00:49:03	No hay palabras solo tristeza üíîüò≠ #CathedraleNotreDame #NotreDame https://t.co/pKTNyQpNvg
1117922817230745601	4171346279	null	2019-04-16 00:49:04	Deleznable el personaje.
1117922955764350976	2889784065	null	2019-04-16 00:49:37	Lo de tener estad√≠sticas en Instagram es un vicio, la √∫nica p√∫a es q tienes que tenerlo en abierto/publico
1117922963129552897	2811837447	null	2019-04-16 00:49:39	Buenas noches vuelvo a mi planeta hasta ma√±ana. https://t.co/OPbMkVfxIL
1117923009992560640	270225908	null	2019-04-16 00:49:50	No, me niego a pensar que las agresiones y el vandalismo s√≥lo son de un lado.  ¬øCu√°ndo ser√° el d√≠a en que empecemos a convivir con dignidad y libertad?  #Respeto
1117923059384582144	202117053	null	2019-04-16 00:50:02	@DanielMig19 Jajajajajaj brutal
1117923096202182656	2811837447	null	2019-04-16 00:50:10	M√öSICA Y A DORMIR https://t.co/QrH2lMfSUX
1117923098291003398	503133342	null	2019-04-16 00:50:11	PERICO DELGADO cumpli√≥ este lunes 59 a√±os. Se disfruta mucho viendo esta galer√≠a de 25 fotos del gran Graham Watson, probablemente el mejor fot√≥grafo de ciclismo que hay y que afortunadamente tenemos a mano en esa gran revista que es @Ciclismoafondo_  https://t.co/gchw2NEw50
1117923138367578114	974032573650391041	null	2019-04-16 00:50:20	S√© que no he comentado apenas nada pERO me acab√© hoy Vento Aureo y estoy: mal.
1117923157711704067	608545933	null	2019-04-16 00:50:25	Tremenda tristeza al ver arder este patrimonio de todos. Horrible!!!
1117923215207219200	247433907	null	2019-04-16 00:50:39	el kkk de los maricas
1117923223960739841	1080840940489723904	null	2019-04-16 00:50:41	@carlosot2018  ¬°M√°s bonito no puedes ser te quiero! ‚ù§Ô∏è Aunque hayan solo sido unos segundos ha merecido la pena desde hace tiempo  he esperado este momento desde que entraste en la academia de OT https://t.co/C6Hz1QRxcL
1117923236233265152	595484807	null	2019-04-16 00:50:44	@casasola89 La actuaci√≥n ha sido bastante mala, pero Risto no puede hablar siempre como si tuviera la verdad absoluta. Eso agota al espectador
1117923242910658571	393919500	null	2019-04-16 00:50:45	üå† Buenas noches üí§ https://t.co/B1zSVvKeBE
1117923346103054337	1876895930	null	2019-04-16 00:51:10	cualquier cosa hace que se me quiten las gns d to xd
1117923368207114240	974032573650391041	null	2019-04-16 00:51:15	@thespacecowg1rl Es √©l xDDD
1117923370627153925	182572111	null	2019-04-16 00:51:16	@shul_evolution Anotado!! Gracias!! En cuanto acabe con el que estoy profundizo m√°s en la triste realidad siria.
1117923495013421056	921853189	null	2019-04-16 00:51:45	Yo soy ateo y me duele ver una reliquia en ruinas. #NotreDame
1117923498989641729	2782861914	null	2019-04-16 00:51:46	Hay jengibres muy sexys
1117923541389910016	1102707768178458624	null	2019-04-16 00:51:56	La SEMANA SANTA SE VIVE en la patrona VIP Ven a bailar y exige tu invitaci√≥n de la noche. M√∫sica nueva para gente VIP, atenci√≥n personalizada y mucho m√°s en tu nueva generaci√≥n en LA PATRONA VIP  RESERVA TU MESA CON ANTELACI√ìN Y TENDR√ÅS TU BELLICE BRONZE O GOLD DE REGALO !!! Te https://t.co/TWcZF8OLEs
1117923564819238912	382592853	null	2019-04-16 00:52:02	@BeverlyGili @xxandr0meda Jajajajajajajajajajajajajajajajajajajajajajajajajajajajajajajajajajajajajajajajajajajajajaja
1117923571127468034	742566066	null	2019-04-16 00:52:04	@DAlvarez1976 Vaya un subnormal....mala gente y tonto.
1117923583341232128	811664141295435777	null	2019-04-16 00:52:06	@Escalona_322 Me representa tanto esto
1117923586629566464	715780902417252352	null	2019-04-16 00:52:07	El que se ve√≠a por la catedral andando-corriendo, es de hoy o de otro d√≠a!?
1117923592015106048	114299139	null	2019-04-16 00:52:09	Tristeza y consternaci√≥n ante la noticia del incendio de Notre Dame, uno de los s√≠mbolos m√°s importantes de nuestra civilizaci√≥n occidental. üò¢üò¢üò¢üò¢üò¢üò¢üò¢üò¢ #NotreDameArde #NotreDameEnLlamas #NotreDameFire #ReconstruyendoNotreDame
1117923645672894464	963725109306552320	null	2019-04-16 00:52:21	@d6lopez @Ghetto28Ultras Gracias por la foto, Diego.
1117923662634655744	247433907	null	2019-04-16 00:52:25	@soyzasca vale en forma de terraceo?
1117923683614515200	607277441	null	2019-04-16 00:52:30	@daroduy @sanchezcastejon esto es Ejpania
1117923722864877568	2811837447	null	2019-04-16 00:52:40	@Sefuelix Buenas noches, que descanses. üòÅ https://t.co/x6Y7WzCOdO
1117923724282531842	805879061507612673	null	2019-04-16 00:52:40	Qui√©reme como te quiero yo para q dure este amor!!!!üñ§ https://t.co/KDJBgkpnmr
1117923743190405120	132332305	[-3.70325, 40.4167]	2019-04-16 00:52:45	#gottalentlive3 es ahora una tendencia en #Madrid  https://t.co/a9hYPvUGm2 https://t.co/f8SYAlXxUk
1117923776493236224	136963327	null	2019-04-16 00:52:52	@horablanquiazul @CDLeganes @realmadrid Cu√©llar.
1117923786869886977	378644320	null	2019-04-16 00:52:55	El √∫nico gilipollas aqu√≠ eres t√∫
1117923823637159937	1102707768178458624	null	2019-04-16 00:53:04	La SEMANA SANTA SE VIVE en la patrona VIP Ven a bailar y exige tu invitaci√≥n de la noche. M√∫sica nueva para gente VIP, atenci√≥n personalizada y mucho m√°s en tu nueva generaci√≥n en LA PATRONA VIP  RESERVA TU MESA CON ANTELACI√ìN Y TENDR√ÅS TU BELLICE BRONZE O GOLD DE REGALO !!! https://t.co/ihZYFy5qa4
1117923830557761536	794290290	null	2019-04-16 00:53:05	Paz Padilla demostrando lo cateta que es #GotTalentLive3
1117923928041828353	607277441	null	2019-04-16 00:53:29	@NanaTo05781931 @sanchezcastejon podriais dejar la politica a un lado, y pensar que pra muchos no catolicos, eso es una obra de arte que esta siendo calcinada. No hace falta ser catolico para apenar ese destrozo.
1117923936132579330	568478145	null	2019-04-16 00:53:31	@Zarisi M√°s que por eso, es por el sistema antiincedios que suele haber en sitios de este palo, patrimonio de la humanidad y dem√°s. Sea lo que sea es muy triste :(.
1117923943103516677	2243870232	null	2019-04-16 00:53:32	El gilipollas no es el destino. El gilipollas eres t√∫
1117923945271975937	1158548592	null	2019-04-16 00:53:33	@RoyRibon @adrilik JAJAJAJAJAJJA
1117923960941838340	1102707768178458624	null	2019-04-16 00:53:36	La SEMANA SANTA SE VIVE en la patrona VIP Ven a bailar y exige tu invitaci√≥n de la noche. M√∫sica nueva para gente VIP, atenci√≥n personalizada y mucho m√°s en tu nueva generaci√≥n en LA PATRONA VIP  RESERVA TU MESA CON ANTELACI√ìN Y TENDR√ÅS TU BELLICE BRONZE O GOLD DE REGALO !!! Te https://t.co/6v8Cq5x4Ei
1117924001710575619	216130584	null	2019-04-16 00:53:46	awe no puedo creer que s√≠ wa regresar a roma
1117924065220681733	254689111	[-3.6685681, 40.48192303]	2019-04-16 00:54:01	Buenas noches. üíã‚ù§ en Pinar De Chamartin https://t.co/8rtpNvI6S9
1117924089786712067	2811837447	null	2019-04-16 00:54:07	@betyzapi @JosesanchezJuan @anamoro80 @pilar_vilar @toro_an @AmorRealBlanco @Er_L0L0_XLVII @amuaber59 @MiLLaEsKeR @alcantaralimon @vinicokb @WiedemannUwe @naujzepolatseu @massimo3651 Buenas noches amig@s, feliz martes a tod@s y mucha suerte. üòÅ https://t.co/HW2e7CjWHc
1117924112427552768	204128205	null	2019-04-16 00:54:13	@nogaret Las cosas bien hechas perduran.
1117924132581249024	331619412	null	2019-04-16 00:54:17	DE MI NO TE OLVIDAS NI EN 100 VIDAS
1117924192555544576	364793726	null	2019-04-16 00:54:32	Vaya pico tiene
1117924205041942528	921853189	null	2019-04-16 00:54:35	Esto no es arte... Esto es una tristeza del arte, no me seas energ√∫mena!
1117924257927974912	1162704691	null	2019-04-16 00:54:47	@GotTalentES @ristomejide Totalmente de acuerdo con RISTO a hecho una actuaci√≥n de verg√ºenza de todas formas a m√≠ no me gust√≥ ni la primera con su üé∏ en  m√≥vil ni esta.
1117924271098142720	715780902417252352	null	2019-04-16 00:54:50	@Santi_ABASCAL Como salga el Falconetti, la cola del paro, ser√° como √©sta en cualquier oficina del Inem.
1117924330468466689	982754392880373760	null	2019-04-16 00:55:05	El momento ha llegado... Puede que Badabun est√© en Madrid Chavales prepararos, por que esto va a ardder si realmente est√°n aqqui! https://t.co/yBmGoJSfHM
1117924378849742848	104809518	null	2019-04-16 00:55:16	Cada vez estoy m√°s convencido que gran parte de la sociedad Espa√±ola est√° enferma.
1117924403126439938	2811837447	null	2019-04-16 00:55:22	M√öSICA Y A DORMIR https://t.co/FrGPrqPUO1
1117924404590194692	607277441	null	2019-04-16 00:55:22	@Israelzamo2 @_ElAguijon como a los de colon no?
1117924479332696064	1111891226951892992	null	2019-04-16 00:55:40	¬°Nuevo v√≠deo promocional sobre la aplicaci√≥n HomeHair! Podremos saber m√°s el 7 de mayo. https://t.co/IglzJ51HqT
1117924509271642119	159792920	null	2019-04-16 00:55:47	Estoy esperando a un amigo dice , que cachondo üòú #GOT8x01
1117924522198470667	314730826	null	2019-04-16 00:55:50	Eres cr√≠tica cultural en el √°mbito acad√©mico pero no sabes diferenciar entre Notre Dame y la fachada del Obradoiro en Santiago
1117924557497798656	607277441	null	2019-04-16 00:55:59	@Xosebieito20 @_ElAguijon Ir bien vestido a costado masteres falsos y muchas cositas debajo de la mesa.
1117924604868202501	769312953476710400	null	2019-04-16 00:56:10	...por ti volare... https://t.co/1lV38RIvDO
1117924609511297025	1102707768178458624	null	2019-04-16 00:56:11	Reservas al 628870660 https://t.co/mQi4KC0LBm
1117924659117293568	2811837447	null	2019-04-16 00:56:23	La Luna desde Salamanca, Espa√±a. Foto de @piolinviajero https://t.co/asmYlajX5i
1117924669133340678	607277441	null	2019-04-16 00:56:25	@dedetonetti123 @_ElAguijon como los que van a colon con la bandera del pollo no?
1117924690847326208	742566066	null	2019-04-16 00:56:30	@sorluciacaram Que oportunidad para quedarse muyy calladita SOR.
1117924695490400256	1019356247357784065	null	2019-04-16 00:56:32	Con unas ganas gigantes de volver. https://t.co/lBu6EzLN0H
1117924704457613314	391507529	[-3.43333, 40.3]	2019-04-16 00:56:34	ü•òüíÉüèÉüêÇ‚öΩ, reserva tu d√≠a üìÜ,‚òéÔ∏è636 999 633.,#capeas #fiestascamperas #cumplea√±os #argandadelrey en Arganda https://t.co/aKKejzbGDY
1117924713752420353	306310431	null	2019-04-16 00:56:36	@archivekino_ Los que son un cuadro son la gente que no vota lo que realmente tiene que votarse y lo digo por todas las votaciones desde que empez√≥ fama, se lo merec√≠a la banda de Lohi es mi opini√≥n y mi Twitter y pongo lo que me apetece
1117924717531422720	2382667833	null	2019-04-16 00:56:37	le mando stickers a mi madre y me deja en le√≠do  q hace
1117924763530350592	1349457918	null	2019-04-16 00:56:48	@leo_negrata Primero aprende a jugar y luego te doy unas clases mi nene
1117924881004412928	1102707768178458624	null	2019-04-16 00:57:16	La SEMANA SANTA SE VIVE en la patrona VIP Ven a bailar y exige tu invitaci√≥n de la noche. M√∫sica nueva para gente VIP, atenci√≥n personalizada y mucho m√°s en tu nueva generaci√≥n en LA PATRONA VIP  RESERVA TU MESA CON ANTELACI√ìN Y TENDR√ÅS TU BELLICE BRONZE O GOLD DE REGALO !!! https://t.co/r0tjUZ7dAN
1117924888331870210	301050034	null	2019-04-16 00:57:18	El destino no s√© pero tu @maxpradera te llevas el premio...
1117924959127572480	3812026581	null	2019-04-16 00:57:34	Esta guapa la √∫ltima temporada de GoT, aunque parece muy realista lo de Notre dame
1117924969609158661	2151532681	null	2019-04-16 00:57:37	Que rico es conocer a una persona que sepa llevarse bien contigo en la cama y tambi√©n as√≠ en la vida cotidiana, decirle tus fetiches, gustos extra√±os y se quede ah√≠ y tambi√©n se anime a cumplir tus deseos sexuales, laborales y sentimentales‚ù§ü•∞
1117924999019606016	2250285374	null	2019-04-16 00:57:44	Cada d√≠a flipo m√°s con la gente
1117925011359137793	959892598692483074	null	2019-04-16 00:57:47	@elbarroquista Si quieres verla limpita te vienes a Madrid y la ves en el Museo del Prado, no sea que mientras la restauran se prenda fuego....
1117925035631685632	715780902417252352	null	2019-04-16 00:57:53	Enferma de psiqui√°trico y de maldad.
1117925102706937857	862322768	[-3.708178, 40.418256]	2019-04-16 00:58:09	¬øQu√© es la¬†erotoman√≠a? https://t.co/28i7Rdbv6S https://t.co/UDKvGuXCWA
1117925118305546240	229605474	null	2019-04-16 00:58:12	@eldiarioes @nefeerr @inigoaduriz Vosotros no?
1117925120310484994	607277441	null	2019-04-16 00:58:13	@rubenlodi @DanielBF91 @MADRID va a durar otra semana...
1117925148693340160	742566066	null	2019-04-16 00:58:20	@Donicela3 Y pone la c√°tedra de Santiago..hay que ser gilipollas.
1117925184957186049	974032573650391041	null	2019-04-16 00:58:28	SON TONT√çSIMOS LOS QUIERO MUCHO https://t.co/aFIYVNqlWV
1117925200354521089	3812026581	null	2019-04-16 00:58:32	@TuRojoFav @ainhoaeugercios Yo no le doy like porque las fotos no las ha hecho ella
1117925200295858176	369670761	null	2019-04-16 00:58:32	"@Sau2The @Vicho75 Ves yo por ejemplo soy mas o ""disfruto"" mas de Antichrist de Lars Von Trier que de ""Los Vengadores"", pero respeto las dos, creo que cada pel√≠cula, igual que cada libro tiene su momento, es lo verdaderamente hermoso del arte, la metalectura."
1117925338741387265	3242102973	null	2019-04-16 00:59:05	‚öΩÔ∏è TimeCup Spring 2019 categor√≠a Benjam√≠n F7 5¬∫ Clasificado @CiudadGetafeCF üëè  #SpringTimeCup2019 #TimeTeam #TorneoFutbolBase #FutbolBase #EventosDeportivos #tecnificaci√≥n #primavera #sping #abril #lunes #FootFeelInterAcademy @ForoFutbolBase  @FutMadrid https://t.co/NyKsrhoIqE
1117925373696794626	715780902417252352	null	2019-04-16 00:59:13	Ahora es cuando hay que tomar muy en serio enviarles a sus p. pa√≠ses o los √°rabes.
1117925374074212354	270225908	null	2019-04-16 00:59:13	"@UlyFormoso Pues la tendencia ""...es esto"" va a ser √©pica!"
1117925379967213569	921853189	null	2019-04-16 00:59:15	Est√°n en investigaci√≥n üïµÔ∏è
1117925480173379585	112222822	null	2019-04-16 00:59:39	@maxpradera Eres SUBNORMAL PROFUNDO
1117925522124824577	987222428	null	2019-04-16 00:59:49	@tacobbel T√≠a estamos viendo la misma pel√≠cula? Me ahogo jsjsjsjs
1117918047191355399	63734982	null	2019-04-16 00:30:07	Portadas sobre el incendio de la Catedral de Notre Dame de Par√≠s, Francia #15abril #NotreDame #NotreDameFire #NotreDameDeParis https://t.co/cIwJ9YchS3
1117918057844883456	2990598039	null	2019-04-16 00:30:09	1. Falta de respeto hacia el patrimonio hist√≥rico y art√≠stico 2. Falta de respeto hacia la cultura de un pa√≠s, en este caso Francia 3. Falta de respeto hacia quien no tiene tus creencias religiosas 4. Si hubiese llegado a haber alguien herido, falta de respeto hacia √©l  Todo mal https://t.co/zhHeDWkc7G
1117918167500754946	3089403639	null	2019-04-16 00:30:35	Biblioteca p√∫blica m√≥vil (a√±os 50) https://t.co/BX7ADSxJVB
1117918198832271361	1435286684	null	2019-04-16 00:30:43	Tengo que estar un mes con las putas muletas, llevo cuatro d√≠as y ya tengo unos moretones en los brazos m√°s grandes que yo de vd me quiero matar
1117918208483180544	266238057	null	2019-04-16 00:30:45	@Osquirivers Entoncrs incluye un s√≥tano para herramientas en tu proyecto.
1117918260022980609	318052990	null	2019-04-16 00:30:57	@FAMAabailarCero Buen√≠sima
1117918276066140162	901937041	null	2019-04-16 00:31:01	@Gaditaneador @hdadlasaguas @AntonioBescansa Encima calvo. Lo tiene todo.ü§¶üèΩ‚Äç‚ôÇÔ∏èü§¶üèΩ‚Äç‚ôÇÔ∏èü§¶üèΩ‚Äç‚ôÇÔ∏è
1117918292339904513	214609656	null	2019-04-16 00:31:05	La vida son detalles...  @marca https://t.co/sKU4gmkspz
1117918304629346313	121245807	null	2019-04-16 00:31:08	@javisanchez3 @GuerraDeMedios Es un incendio, ya. Todos los medios lo han dado. No hace falta hacer un 24 horas. Por suerte no hay v√≠ctimas de las que informar. Estar haciendo una retransmisi√≥n en directo de unas flamas no se que sentido tiene.
1117918366138810370	270225908	null	2019-04-16 00:31:23	Y luego nos hacemos fotos con filoetarras, porque esta historia en democracia, no queremos aprenderla.  Aun queda camino, y espero que no tengamos alg√∫n susto.
1117918466890244099	3023268831	null	2019-04-16 00:31:47	@EelkeCR @Agudoo_ @CristianoPL_CR @KahBoom_ @TrainerLuisCR @BelikinRoyale Para eso ficho a @MalcaideCR üòè
1117918541238419456	405650854	null	2019-04-16 00:32:04	Y la Mezquita de la M30 pa cu√°ndo
1117918636478328832	211684480	[-3.70325, 40.4167]	2019-04-16 00:32:27	#conquis14 es ahora una tendencia en Spain  https://t.co/L9qQ8xu3yF https://t.co/2fuP8Hr3EM
1117918656250417153	492493630	null	2019-04-16 00:32:32	@lvaroMartn12 @alex_ferriol @vitorinoantun3s @GetafeCF No te quito ni una coma, el gilipollas es el, la familia ahi no pinta nada..
1117918669772816384	2543169629	null	2019-04-16 00:32:35	Que cojones es esto de #ProyectoArkanoImagen xddddddd
1117918683291168768	197503858	null	2019-04-16 00:32:38	@BeckmesserSpain Por √∫ltimo, recordad c√≥mo se consumi√≥ de arriba a abajo, la torre Windsor en Madrid. Rodeada de bomberos y medios contra incendios, presenciamos por televisi√≥n su destrucci√≥n. Se limitaron a proteger lo colindante.
1117918708285026305	715780902417252352	null	2019-04-16 00:32:44	Si es franquista, que casualidad, es como su abuelo.
1117918721090170880	144362316	null	2019-04-16 00:32:47	En 1966 un rayo provoc√≥ el incendio de la Catedral de Le√≥n. El cantero pidi√≥ a los bomberos no ‚Äúmojar‚Äù la piedra de la estructura para que la humedad no provocara su derrumbe. Solo rociaron agua en el tejado de madera y pizarra. La Catedral de Le√≥n se salv√≥. Imagen: NODO https://t.co/mNcutXvowD
1117918732607729665	90463762	null	2019-04-16 00:32:50	@Tuitower @_ElAguijon @DemagogiaVs Am√©n.
1117918790778535938	186256294	[-3.68538, 40.3936]	2019-04-16 00:33:04	Parque Enrique Tierno Galv√°n 01 en Parque de Enrique Tierno Galv√°n https://t.co/wvVcKHuexg
1117918833690533894	2244781070	null	2019-04-16 00:33:14	Pffffffffff muerta estoy
1117918847833653251	202117053	null	2019-04-16 00:33:17	@luis_ulecia Repugnante que hagas pol√≠tica con la tragedia. Sois m√°s de lo mismo... peor sois m√°s asquerosos.
1117918875205632000	272947631	[-3.676729, 40.408072]	2019-04-16 00:33:24	üåö en Retiro (Madrid) https://t.co/dfcDs0LuDV
1117918881350324224	201835749	null	2019-04-16 00:33:25	@BeverlyGili Eso es la catedral de Santiago, no Notre dame
1117918895673872384	715780902417252352	null	2019-04-16 00:33:29	Que hdp es este, no de ahora claro!!!!
1117918989475287040	36633911	null	2019-04-16 00:33:51	@TelecoLANParty He perdido el vuelo ampliadla un d√≠a por faaavoooooorrrrrrrrr
1117919029610590208	757186578779402240	null	2019-04-16 00:34:01	Bueno, pues va tomando forma esto, a ver si alg√∫n d√≠a tengo m√°s de 80cm de mesa y un metro cuadrado para moverme con la silla xD Aun as√≠ m√°s feliz que una peeerdiz üòäüòä https://t.co/pKbJnClsZ2
1117919038959579137	2889784065	null	2019-04-16 00:34:03	El tiempo acaba d√°ndome la raz√≥n jajajajajajajajajajaja y a ti el tiempo te hace caer m√°s bajo
1117919104772509696	547906842	null	2019-04-16 00:34:19	@JRhodesPianist En espa√±ol algunos verbos irregulares son muy dif√≠ciles üòì
1117919118928306177	983647496453935104	null	2019-04-16 00:34:22	Xddd. Imag√≠nate los dos del d√∫o todo dorado. Uno minigun y otro lanzacohetes y con grieta. Lo de los cofres del tesoro no es normal. Lamentable ver
1117919156551192576	901937041	null	2019-04-16 00:34:31	En directo, la @hdadlasaguas
1117919194723565570	2553413026	null	2019-04-16 00:34:40	Este v√≠deo lo grab√© el 15 de enero del 2015 cuando tuve la oportunidad de conocer Paris con mi padre, quede asombrado despues de escuchar la voz de esa chica afuera de la Catedral de Notre Dame https://t.co/FLHmW7U3gD
1117919233319550976	314730826	null	2019-04-16 00:34:49	Bromas de estas s√≠, por favor
1117919246032482305	901937041	null	2019-04-16 00:34:52	Expiraci√≥n del museo
1117919285207343105	125048384	null	2019-04-16 00:35:02	@JuliaJustto22 Desde luego q pa‚Äô distinguir colores noüòÇ
1117919345445888000	186256294	[-3.68538, 40.3936]	2019-04-16 00:35:16	Parque Enrique Tierno Galv√°n 02 en Parque de Enrique Tierno Galv√°n https://t.co/6FoiL38g9p
1117919368430653443	506282558	null	2019-04-16 00:35:22	@Almiu_ Te recomiendo que bloquees todas las palabras y hanstag que puedas que la gente es muy bocazas
1117919403469832193	227339018	[-3.7644, 40.3281]	2019-04-16 00:35:30	üéºLA VIDA ES M√öSICA SI ACARICIAS SUS NOTASüé∂ en Legan√©s https://t.co/yUMgktmt8k
1117919404891746305	148700417	null	2019-04-16 00:35:30	@DavidBayon Y nuestro Jos√© Manuel Soto, por supuesto.
1117919409232863233	1109775315390382080	null	2019-04-16 00:35:31	Espero que la cabeza del codero est√© bien.
1117919412521185281	709782688379629568	null	2019-04-16 00:35:32	@PatriFdez18 Te presento  otra IMB√âCIL Y QUE MEZCLA D TODO  https://t.co/HMIPOljYM4
1117919443919757317	97786386	null	2019-04-16 00:35:40	Y ojo, que l√≥gicamente, como a todos me parece una tragedia art√≠stica lo de hoy y, como el 99,99% de la gente tambi√©n tengo fotos en Notre Dame pero lo que hablo es de esa gente que lo mismo se suma a esto que reza por Karl Lagerfeld en nombre de la moda.
1117919444477542401	773863152	null	2019-04-16 00:35:40	"Estoy viendo ""¬øA qui√©n te llevar√≠as a una isla desierta?"" y el actor que hace de Eze no me puede parecer m√°s lamentable, lo siento."
1117919459275157504	403487449	null	2019-04-16 00:35:43	@albuus11 Vivir puedes dejarme?
1117919487511154689	715780902417252352	null	2019-04-16 00:35:50	Ojal√° y se lo hagan a ella. Un ser as√≠ no es digno de nada. Qu√© hdp m√°s mala.
1117919569694347265	148700417	null	2019-04-16 00:36:10	@calamity__anne @esmetripi Yo me enter√© por mi hermano que me escribi√≥ porque nos esperaban. üòÇ
1117919594277036034	201835749	null	2019-04-16 00:36:15	@BertaAsturies @PRosino @TwitterEspana @negua597 @TwitterSupport El de abascal sobre los musulmanes y Notre Dame aun no ha provocado el cierre de su cuenta, y eso s√≠ es xenofobia
1117919606365093889	2671263641	null	2019-04-16 00:36:18	qu√© bonito ver a gente de mi edad publicando que est√° viendo HSM‚ù§Ô∏è
1117919669405519874	1147398824	null	2019-04-16 00:36:33	@EugeniodOrs_ Jaaaaaaaajajajajaaasjajajaaaa...!!!
1117919679866130432	1012393964899635201	null	2019-04-16 00:36:36	Voy a darte lo mejor de m√≠! üíï
1117919700888039424	615575147	null	2019-04-16 00:36:41	Se me hab√≠a olvidado que el blazing bull era la mayor lacra del sekiro de lejos
1117919709893152773	419766983	null	2019-04-16 00:36:43	@cris_m00 La divasa
1117919710505467904	1066749815378386951	null	2019-04-16 00:36:43	No s√©, ojal√° leyera √©sto y no me diera el p√°lpito que me da... ojal√° üòî.
1117919724384522242	148700417	null	2019-04-16 00:36:46	@DavidBayon Aqu√≠ tienes. https://t.co/9nyMo22e7d
1117919736547950598	202117053	null	2019-04-16 00:36:49	Y as√≠ es √©l y los que le siguen... y su pol√≠tica y su pensamiento... ü§¶üèº‚Äç‚ôÇÔ∏è Vü§ÆX
1117919750586286086	110646692	null	2019-04-16 00:36:53	@BreatheInDeep Ah√≠ la siesta de dos horas. Grasias ‚ô•Ô∏è
1117919755804004356	615575147	null	2019-04-16 00:36:54	Qu√© aut√©ntica basura de pelea
1117919850221977600	351616050	null	2019-04-16 00:37:16	Y t√∫ qui√©n eres para decir c√≥mo me debo sentir?  Enfadado estaba tras lo del Ajax, esto ya me lo tomo a co√±a porque me la suda acabar tercero con 70 puntos que con 60, es una puta mierda igual.
1117919856228089856	51649461	null	2019-04-16 00:37:18	Fiscal√≠a Anticorrupci√≥n de Espa√±a asombrada por ‚Äútesoro‚Äù encontrado en mansiones de hijo de Roberto Rinc√≥n https://t.co/aiCz8Rh4Ud v√≠a @edodelincuente
1117919883826798593	5556452	[-3.70350478, 40.41711534]	2019-04-16 00:37:24	Kilometro Cero. @ Puerta del Sol Madrid https://t.co/hM4xdVELCW
1117919888981491713	235211719	null	2019-04-16 00:37:26	Buenas noches
1117919891741388800	3890033969	null	2019-04-16 00:37:26	de verdad que ‚Äúdonde estar√° el jorobado‚Äù es lo primero que piensas al ver que historia, arte, cultura y patrimonio se est√°n quemando?? hay que ser imb√©cil xd
1117919940063920128	1656654560	null	2019-04-16 00:37:38	I√±aki de paseo en el duelo #Conquis14 üòÇüòÇ (y caida de Asier) https://t.co/U9i5QR8H90
1117919957529001984	796024382443417603	[-3.8647, 40.3218]	2019-04-16 00:37:42	Feliz d√≠a a todos los locos de los pedales #bikelife supergrupeta @tripablocorps en M√≥stoles, Madrid, Spain https://t.co/cC7yXNhUr0
1117920010180136965	2670032094	null	2019-04-16 00:37:55	Adem√°s es idiota por partida doble, porque me da que la foto que pone es de Santiago.
1117920068141297664	206791651	null	2019-04-16 00:38:08	"""No me enveneno, solo intentaba llamar tu atenci√≥n"".  https://t.co/Trj3Cz4Lsh"
1117920083366621185	963725109306552320	null	2019-04-16 00:38:12	Europa es nuestra civilizaci√≥n.  #NotreDame #NotreDamedeParis #France  https://t.co/uIjpbfZKN8
1117920137271808000	110646692	null	2019-04-16 00:38:25	Algo que he desaprendido es a que pedir ayuda est√° mal visto.  Pedir ayuda amigos, es confiar en la gente que te rodea y saber que te van a impulsar a crecer, a levantarte y a estar bien.
1117920203533320193	1096736360910807042	null	2019-04-16 00:38:41	@Zway1968 @Scio_Regis @Breaking_doc @riboflavinachan @AspenParamore @darkmoonselina @IrastorzaImaz @MasculinismoEsp @CogedTuppers @ThxGuardian @migelino @RadfemNoEsTerf @AlexMegas4 @pepeblai Bueno eso es probablemente porque no vive en Espa√±a.
1117920227025616896	872101193492951040	null	2019-04-16 00:38:46	Pero si es muy fea....
1117920269740511233	200460772	null	2019-04-16 00:38:56	Y me han sobrado minutos!
1117920277461995520	1656654560	null	2019-04-16 00:38:58	Parece que lo est√©n rescatando üòÇüòÇ #Conquis14
1117920348517883905	202117053	null	2019-04-16 00:39:15	@Santi_ABASCAL Ellos saben diferencias el nazismo as√≠ que mejor no le dig√°is nada por si acaso  Vü§ÆX
1117920359775440897	378644320	null	2019-04-16 00:39:18	Adesanya me recuerda al Doctor Octopus #UFC236enGol
1117920369309036545	746337231330283521	null	2019-04-16 00:39:20	@saraysevi @acacias38_tve Me ha dado pena ver triste a Carmen. Pero Carmen tranquila porque estoy segura de que D. Ram√≥n cuando pase un tiempo volver√° contigo y te pedir√° algo serio porque querr√° rehacer su vida y ser feliz √©l y hacerte a t√≠ tambi√©n.
1117920411763859456	254567407	null	2019-04-16 00:39:30	Te quiero recordar c√≥mo te vi en 2013. Te quiero recordar c√≥mo eras.   Volver√°s a resurgir, porque los sitios que dan Paz merecen volver a ser construidos.   Todo mi cari√±o a nuestros hermanos franceses üá®üáµ  #NotreDame https://t.co/UM1I0gXFOd
1117920445771210752	506282558	null	2019-04-16 00:39:38	@Almiu_ Yo el a√±o pasado ten√≠a prohibido abrir ninguna Red social para evitar spoilers hasta que hubiera visto el cap√≠tuloüòÇ
1117920452016582666	859920817	null	2019-04-16 00:39:40	@MartaFerreroB @sanchezcastejon Son los espacios concedidos por la junta electoral ;) adem√°s nos encanta compartir el proyecto con todos los vecinos de Las Rozas independientemente del barrio.
1117920472082022402	175387235	null	2019-04-16 00:39:45	Realmente los mejores albumes de Beyonc√© son los 2 que menos √©xito han tenido, el p√∫blico general es esa basura que no deber√≠a tener permitido el acceso a spotify.
1117920484912504832	842463459786817538	null	2019-04-16 00:39:48	El preocupante aspecto f√≠sico de Miguel Marcos antes de su boda con Bel√©n Esteban https://t.co/mgcd6Z6Pxu v√≠a @columna_cero
1117920529518944257	789634196	null	2019-04-16 00:39:58	@maxpradera Lamentable es poco
1117920548787511297	2978643977	null	2019-04-16 00:40:03	A ver, que os veo venir. Lo digo porque ya est√° todo el mundo con los tuits super tristes de la tragedia que supone (y es terrible), as√≠ que al menos aprovecho y planteo el debate del arte como discurso. Besis.
1117920594484432900	1889851442	null	2019-04-16 00:40:14	desconexi√≥n
1117920606673154049	1071365587111170053	null	2019-04-16 00:40:17	Para una mejor proteccion animal una ley de ambito nacional. https://t.co/slxY9RkP8h
1117920632090525697	963725109306552320	null	2019-04-16 00:40:23	Europa es nuestra civilizaci√≥n.  #NotreDame #NotreDamedeParis #France  https://t.co/jbkzYHdNYK
1117920633948639233	2630801812	null	2019-04-16 00:40:23	Si, buscan votos ‚úña las  Elecciones Europeas en La Rioja (sirven votos en toda Espana) ERC debe in- vitar al acto q monten en #Haro, aparte d Cyril Blanchot, el Monaguillo y la Sig√ºi vasca d Vallmit- jana, tambi√©n a SOLEDAD, argentina q trabaj√≥ en lavan- der√≠a y conmigo en Acnur
1117920646791671809	306310431	null	2019-04-16 00:40:26	Si siguen pensando que este programa es gran hermano no #FamaABailar15A  @Aritz_FAB19 cuando salgas de ah√≠ bien que te pedir√°n fotos y masterclass las que no te apoyan ahora, DE RISA ESTOooOoOoooo
1117920651690618885	3165215843	null	2019-04-16 00:40:27	t√≠o os cuentan algo nuevo y en vez de empaparos de eso lo renegais diciendo no es que a mi me han dicho o yo se esto pues nada quedate en tu burbuja y no aprendas nada nuevo no te jode
1117920682686537729	200460772	null	2019-04-16 00:40:35	Quiero irme a vivir a Medell√≠n, COLOMBIA!
1117920709261582336	80332389	null	2019-04-16 00:40:41	Como se burla de la gente esta descerebrada...
1117920721286701056	595484807	null	2019-04-16 00:40:44	@ninde_black Si se puede todav√≠a, yo quiero
1117920791574786049	1349457918	null	2019-04-16 00:41:01	@leo_negrata Normal con lo malo que eres üòä
1117920803645997059	4171346279	null	2019-04-16 00:41:04	Un hilo de Twitter destapa las mentiras de Casado en un discurso de dos minutos https://t.co/TuV6g0lnQ4
1117920824743297026	310792594	null	2019-04-16 00:41:09	@McAnt_Och A ver Marco que edad tienes t√∫? Llevo m√°s de 35 a√±os practicando esto. ..  No son dos d√≠as   Jol√≠n
1117920844523757575	216130584	null	2019-04-16 00:41:13	ya ve√± a mis brazos @TomHolland1996
1117920861795901447	4902593404	null	2019-04-16 00:41:18	De verdad. Esto es asqueroso parad ya. https://t.co/9AqACN2PgW
1117920863771418625	715780902417252352	null	2019-04-16 00:41:18	Madre, cuanto hijo de puta se alegra. Ya les tocar√° a ellos de alguna forma. Dios castiga sin palos ni piedras.
1117920881278369792	1006835439959986176	null	2019-04-16 00:41:22	@GstringPhil Muy rico
1117920923812814849	306233352	null	2019-04-16 00:41:32	Ayer trabajando en el Taco Bell me pas√≥ una cosa muy fuerte.
1117920926048321537	306233352	null	2019-04-16 00:41:33	Abro Hilo
1117920927507992576	306233352	null	2019-04-16 00:41:33	Antes de nada, que sep√°is que me cago en los andaluces, os odio.  Estaba trabajando como cada d√≠a en el Xanad√∫ y ya est√°bamos cerrando y haciendo caja cuando viene un grupo de chavales, de ah√≠ todo normal.
1117920929034788865	306233352	null	2019-04-16 00:41:34	Cogen y nos pregunta si pueden pedir, ya que todo estaba cerrado y yo pues les dije que si.  De verdad, novos fieis de los andaluces!
1117920930624413696	306233352	null	2019-04-16 00:41:34	Y bueno al decirles que s√≠, veo a lo lejos viene una horda como de zombies a pedir, parec√≠an que ven√≠an de una excursi√≥n pero bueno no es lo m√°s importante. Pues los muy cabrones van y me hacen un pedido de 150‚Ç¨.
1117920932079833089	306233352	null	2019-04-16 00:41:34	S√≠, 150‚Ç¨, yo es que me cago en los andaluces, y bueno tuvimos que salir m√°s tarde por su culpa. Salimos casi a las 4...
1117921022131490817	4902593404	null	2019-04-16 00:41:56	Y tu quien eres
1117921032290091009	856287832108879872	null	2019-04-16 00:41:58	POR FIN üòçüòçüòçüòçüòçüòç
1117921045598621696	110829771	null	2019-04-16 00:42:01	@JessFabric @VirginiaDiazR3 Pr√≥xima portada de Men‚Äôs Health? ü§∑üèº‚Äç‚ôÄÔ∏è
1117921069736894469	1555830475	null	2019-04-16 00:42:07	la madre que me pari√≥ yo por aqu√≠ no paso
1117921081908760578	306233352	null	2019-04-16 00:42:10	Feliz cumplea√±os @gibell0
1117921184006443010	568478145	null	2019-04-16 00:42:34	Me fui a jugar al f√∫tbol con la catedral de NotreDame ardiendo y busco info ahora y sigue:(, me alegro que hayan salvado las obras del interior, pero a mi sangre mitad francesa le duele infinito esto. Y lo peor es que tengo mil preguntas sobre como ha llegado a tanto...
1117921189563981826	2630801812	null	2019-04-16 00:42:36	Si, buscan votos ‚úña las  Elecciones Europeas en La Rioja (sirven votos en toda Espana) ERC debe in- vitar al acto q monten en #Haro, aparte d Cyril Blanchot, el Monaguillo y la Sig√ºi vasca d Vallmit- jana, tambi√©n a &lt;SOLEDAD&gt;, argentina q trabaj√≥ conmigo en Acnur y en lavander√≠a https://t.co/XmI2piQjxz
1117921233608245249	492493630	null	2019-04-16 00:42:46	@Pasion_Violeta Alma de cantaro!! Si los 2 goles del getafe son uno de penalti y el otro es un trallazo desde a tomar por culo, que fuera de juego posicional ni leches... üòÇ
1117921233952227328	470388759	null	2019-04-16 00:42:46	Bnoches chicos üòòüòòüòò
1117921272455925766	369670761	null	2019-04-16 00:42:55	Puedo ver este GIF 20 minutos seguidos y no me aburro ¬øque me pasaaaaaaa? https://t.co/dhDvVdrqn1
1117921323471261698	346869727	null	2019-04-16 00:43:08	Cada detalle especial, har√° de su comuni√≥n, un D√≠a Especial... Diademas ideales para Comuni√≥n con un toque brillante de Cristal Swarovski. . #diadema #detallescomunion #comuniones #detalles #diademas #swarovski https://t.co/mrizzSgA1O
1117921350235115521	80332389	null	2019-04-16 00:43:14	@LaVascaHija Vida normal, tenes que hacer un registro de las actividades qu√© haces por d√≠a para que luego medico cruce la informaci√≥n üëç Vas a tener muchos cables pegados en el cuerpo üòÑ
1117921382682320897	245618995	null	2019-04-16 00:43:22	Este video es mejor que las dos temporadas de Sabrina. Can u believe?
1117921399568465920	289587929	null	2019-04-16 00:43:26	Menos mal
1117921441817739265	306233352	null	2019-04-16 00:43:36	@RLJuanma_ Jajajajajjajakakaka
1117921481172844544	783395997607137280	null	2019-04-16 00:43:45	"@joanguirado @javisanchez3 Un pel√≠n reduccionista eso de ""Es un incendio, ya""."
1117921509819858946	1179981192	[-3.7058, 40.4203]	2019-04-16 00:43:52	'Catedral de Santiago' acaba de convertirse en TT ocupando la 10¬™ posici√≥n en Espa√±a #trndnl https://t.co/MgQbpIi3Kw
1117921532469284865	715780902417252352	null	2019-04-16 00:43:57	Y como saben que son  de Vox???
1117921578006863872	310792594	null	2019-04-16 00:44:08	Dios de la ViDA bendice a Francia, Dios Bendito poda tus manos en Par√≠s,  Dios de Reyes ilumina toda la tierra francesa. Que el Esp√≠ritu Santo envuelva a toda Francia desde el Norte al Sur y del Este al Oeste.  Me dice una alumna, Lessi si t√∫ dijiste eso en un taller (que horror)
1117921609845805057	306233352	null	2019-04-16 00:44:16	Tengo una denuncia puesta a Orange por estafa jajajajajajajaj
1117921633052786690	177978233	null	2019-04-16 00:44:21	Preparty pasada por ahora https://t.co/iGSkUzDgX2
1117921670638067712	182572111	null	2019-04-16 00:44:30	@shul_evolution Qu√© sexy resulta siempre una mente cultivada!  Con qu√© libro andas √∫ltimamente?
1117921763340500993	299668245	null	2019-04-16 00:44:53	LA AMO
1117921769527050241	314730826	null	2019-04-16 00:44:54	Uggh leer a B√©cquer  Me acaba de salir acn√© solo de pensarlo
1117921793937956867	229595613	null	2019-04-16 00:45:00	Los Reyes Cat√≥licos, jejeje. https://t.co/IkhVBaW1uP
1117921837873278976	1213200355	null	2019-04-16 00:45:10	Evito ya hablar totalmente de m√≠.
1117921849336377344	3512934022	null	2019-04-16 00:45:13	El pr√≥ximo d√≠a 24 de abril nos acompa√±ar√° el secretario general de VOX Javier Orrega-Smith en Segovia üá™üá∏üá™üá∏Segovia por Espa√±aüá™üá∏üá™üá∏ #28A #Segovia #Espa√±aViva #PorEspa√±a #VivaEspa√±a #vox https://t.co/LzD1IaQlVF https://t.co/ehFBsclwDW
1117921855837560832	247683718	null	2019-04-16 00:45:15	JAJAJAJJAJAJAJA
1117921855820783616	769312953476710400	null	2019-04-16 00:45:15	@Eilalamia Que bonito üòç Hasta ma√±ana cari√±o  Dulces sue√±os üòòüòòüòòüå∑üå∑üå∑‚ù§‚ù§ https://t.co/6d3m7XVMCU
1117921881238188032	1104978064482713600	null	2019-04-16 00:45:21	@Selvioblog @boydotado20cm Quiero ser una puta con ese pollon.. ü§§ü§§
1117921885755461640	715780902417252352	null	2019-04-16 00:45:22	"Mensaje. Sin Notre Dame, ya nunca ""nos quedar√° Par√≠s"""
1117921892004921346	812696186	null	2019-04-16 00:45:23	Otra protagonista sin personalidad cuyo rol principal en la serie es equivocarse comportandose de manera incoherente para crear situaciones de tensi√≥n/dram√°ticas.  Estoy hablando de Beck, de la serie You.
1117921893871439873	812696186	null	2019-04-16 00:45:24	La serie ha entrado en una espiral de: Beck toma la decisi√≥n err√≥nea aunque Joe ya le ha advertido y cuando se da cuenta de su error regresa a los brazos de Joe para poco despu√©s tomar otra decisi√≥n equivocada... Y todo vuelve a empezar.
1117921895960207360	812696186	null	2019-04-16 00:45:24	Parece que no me est√© gustando la serie pero me est√° entreteniendo. Adem√°s tiene dos cosas que me gustan: - Joe (o mas bien deber√≠a decir Penn Badgley). Es guapete. - El amor que los protagonistas sienten por la literatura. Las conversaciones sobre librosüíô
1117921926922547202	1876895930	null	2019-04-16 00:45:32	Parezco gilipollas en vd, sudo
1117921984514535430	245618995	null	2019-04-16 00:45:45	Creo que yo tambi√©n ya deber√≠a hacer lo mismo.
1117922010565419008	90463762	null	2019-04-16 00:45:51	@marca El Legan√©s tambi√©n ha jugado, o√≠ga
1117922036486217730	406509709	null	2019-04-16 00:45:58	Si te molesta mi adicci√≥n al baloncesto no vas a durar mucho.
1117922060657942528	216130584	null	2019-04-16 00:46:03	quiero que @TomHolland1996 me asfixie con sus brazos :c
1117922067784056832	715780902417252352	null	2019-04-16 00:46:05	Que se lo diga a su p.. m. Ya est√° bien de tanto tolerancia!!!!
1117922108464562178	613539193	null	2019-04-16 00:46:15	Apunto
1117922114873561090	769312953476710400	null	2019-04-16 00:46:16	@MalaFama1981 Un saludo ‚ù§
1117922155151470592	216130584	null	2019-04-16 00:46:26	quiero que @TomHolland1996 me ahorque alv :c
1117922201678884865	715780902417252352	null	2019-04-16 00:46:37	Qu√© le j. a ese gilipollas!!!
1117922225657647109	148700417	null	2019-04-16 00:46:43	Buenas noches, ma√±ana ser√° otro d√≠a. üò¥
1117922250689253376	3972752026	null	2019-04-16 00:46:49	@marioexposure  Totalmente de acuerdo, un poco la misma sensaci√≥n (aunque forma de originarse distinta) que cuando derribaron las Torres Gemelas.... Europa no ser√° lo mismo sin Notre Dame
1117922275423076352	382592853	null	2019-04-16 00:46:55	@BeverlyGili Tragedia es que des lecciones. La pr√≥xima vez danos contexto hist√≥rico con la foto correcta.
1117922275808940032	47716116	null	2019-04-16 00:46:55	@JOSEMANUELSOTO1 Lo tuyo es dar el cante....campeon. https://t.co/WCq09CeD5B
1117922285812441088	1640148619	null	2019-04-16 00:46:57	La vida ense√±a a no fiarte ni de tu sombra
1117922298923823104	2782861914	null	2019-04-16 00:47:00	No se trata de pisar una iglesia por cuestiones religiosas. Soy ateo y no he ido a misa en mi vida, pero se me llena el pecho de angustia viendo las im√°genes de #NotreDame. Era mucho m√°s que religi√≥n. No se√°is tan oportunistas y permitid que la gente se una ante cosas como esta.
1117922311842271233	211684480	[-3.70325, 40.4167]	2019-04-16 00:47:03	#monteperdido4 es ahora una tendencia en Spain  https://t.co/RVxk5kIjts https://t.co/kzm3fQTu7c
1117922312890798080	369670761	null	2019-04-16 00:47:04	@Vicho75 @Sau2The Seamos coherentes, ¬øa que cine te refieres? Porque seguramente sea el mismo cine que yo veo, el qie entra en mi casa. Pero desde luego ni falto al respeto ni hago de menos a quien consume otro tipo de cultura distinta a la que consumo, creo o disfruto yo. Empatia lo llaman.
1117922325893144577	175219568	null	2019-04-16 00:47:07	Necesito agarrar un curso de c√≥mo posar en las fotos jeje, que https://t.co/GjDgYNDPyF conmigoü§¶üèª‚Äç‚ôÄÔ∏è
1117922354166812672	759136515310120960	[-3.66666667, 40.5]	2019-04-16 00:47:13	Toda una historia echada a perder en minutos üò£üò£üò£ en Community of Madrid https://t.co/iKFa4L2gdn
1117922384546279424	133469638	null	2019-04-16 00:47:21	@Iko1986 @ruvenpf @Edurnity @GotTalentES Es una diosa!!!! @Edurnity https://t.co/uS03olvoZR
1117922402372128770	2811837447	null	2019-04-16 00:47:25	@AmorRealBlanco. Buenas noches Lorena, un beso https://t.co/aHswwifZtB
1117922424169930752	356603750	null	2019-04-16 00:47:30	Muy fan de las portadas de @JPBellido. En un d√≠a tr√°gico es un must seguirle.
1117922426254393346	202117053	null	2019-04-16 00:47:31	@DanielMig19 Teniendo en cuenta que pone una foto de Santiago de Compostela ü§¶üèº‚Äç‚ôÇÔ∏è
1117922514603323396	4600396034	null	2019-04-16 00:47:52	incre√≠ble https://t.co/gvjgq0J4Xt
1117922518273335296	71503735	null	2019-04-16 00:47:53	Acabo de salir de ver #DoloryGloria  de #PedroAlmod√≥var. Qu√© pelicul√≥n! Volver a ver un Almod√≥var as√≠ es una pasada. @antoniobanderas hace el papel de su vida: impresionante https://t.co/3uTMHXtHvL
1117922525181304837	331619412	null	2019-04-16 00:47:54	No hace falta hablar todo el tiempo para demostrar que te importa
1117922534077415424	542432123	null	2019-04-16 00:47:56	@nefer_neferu Te fue bien y me alegra tu √©xito, pero a otra gente no. A esa otra gente es a la que hay q ayudar a que disfrute de oportunidades.
1117922560610590720	453404896	null	2019-04-16 00:48:03	@JOSUJUAN @sanchezcastejon Para los CRISTIANOS lo que es una CAT√ÅSTROFE, es ver como los ni√±os se  mueren por falta de agua, de medicinas, de hambre, de lo mas b√°sico,  mientras la iglesia y el vaticano nadan en ORO Y RIQUEZAS sin hacer NADA. Gran perdida lo de Notre D, pero solo material.
1117922603807727616	715780902417252352	null	2019-04-16 00:48:13	Con insultarle no es suficiente, yo Le dir√≠a otra cosa, pero no quiero que se lo tomen a mal otras personas y me callo.
1117922609226747904	202040990	null	2019-04-16 00:48:14	Es otro... otro hueco m√°s... en el coraz√≥n de la vieja Europa... https://t.co/NBPnPBq9as
1117922632651935746	339057992	null	2019-04-16 00:48:20	Que alguien me lleve a Disneyland üòç.
1117922657826234368	80332389	null	2019-04-16 00:48:26	@LG_RDT @Antikracia Tristisimo... ayer estuve en Paris y pase por la puerta üòû
1117922667917606912	1162704691	null	2019-04-16 00:48:28	@GotTalentES @ristomejide Con raz√≥n... Vergonzosa actuaci√≥n la de hoy aparte que ha desafinado un mont√≥n. Risto tiene raz√≥n!
1117922704441651200	851903094208286722	null	2019-04-16 00:48:37	@lozomarti @marire26 Por supuesto.
1117922729607532544	921853189	null	2019-04-16 00:48:43	@aboutDAVEZ Eso... Chica!!! Es que he visto unos comentarios y son tan sucios...
1117922738860187650	2637549969	null	2019-04-16 00:48:45	si vas a volver me avisas
1117922801355251712	1435286684	null	2019-04-16 00:49:00	@oscar_plzm Cogiendo masa muscular para cuando me dejes sacar a Hugo the dog frate
1117922815687237632	3345663592	null	2019-04-16 00:49:03	No hay palabras solo tristeza üíîüò≠ #CathedraleNotreDame #NotreDame https://t.co/pKTNyQpNvg
1117922817230745601	4171346279	null	2019-04-16 00:49:04	Deleznable el personaje.
1117922955764350976	2889784065	null	2019-04-16 00:49:37	Lo de tener estad√≠sticas en Instagram es un vicio, la √∫nica p√∫a es q tienes que tenerlo en abierto/publico
1117922963129552897	2811837447	null	2019-04-16 00:49:39	Buenas noches vuelvo a mi planeta hasta ma√±ana. https://t.co/OPbMkVfxIL
1117923009992560640	270225908	null	2019-04-16 00:49:50	No, me niego a pensar que las agresiones y el vandalismo s√≥lo son de un lado.  ¬øCu√°ndo ser√° el d√≠a en que empecemos a convivir con dignidad y libertad?  #Respeto
1117923059384582144	202117053	null	2019-04-16 00:50:02	@DanielMig19 Jajajajajaj brutal
1117923096202182656	2811837447	null	2019-04-16 00:50:10	M√öSICA Y A DORMIR https://t.co/QrH2lMfSUX
1117923098291003398	503133342	null	2019-04-16 00:50:11	PERICO DELGADO cumpli√≥ este lunes 59 a√±os. Se disfruta mucho viendo esta galer√≠a de 25 fotos del gran Graham Watson, probablemente el mejor fot√≥grafo de ciclismo que hay y que afortunadamente tenemos a mano en esa gran revista que es @Ciclismoafondo_  https://t.co/gchw2NEw50
1117923138367578114	974032573650391041	null	2019-04-16 00:50:20	S√© que no he comentado apenas nada pERO me acab√© hoy Vento Aureo y estoy: mal.
1117923157711704067	608545933	null	2019-04-16 00:50:25	Tremenda tristeza al ver arder este patrimonio de todos. Horrible!!!
1117923215207219200	247433907	null	2019-04-16 00:50:39	el kkk de los maricas
1117923223960739841	1080840940489723904	null	2019-04-16 00:50:41	@carlosot2018  ¬°M√°s bonito no puedes ser te quiero! ‚ù§Ô∏è Aunque hayan solo sido unos segundos ha merecido la pena desde hace tiempo  he esperado este momento desde que entraste en la academia de OT https://t.co/C6Hz1QRxcL
1117923236233265152	595484807	null	2019-04-16 00:50:44	@casasola89 La actuaci√≥n ha sido bastante mala, pero Risto no puede hablar siempre como si tuviera la verdad absoluta. Eso agota al espectador
1117923242910658571	393919500	null	2019-04-16 00:50:45	üå† Buenas noches üí§ https://t.co/B1zSVvKeBE
1117923346103054337	1876895930	null	2019-04-16 00:51:10	cualquier cosa hace que se me quiten las gns d to xd
1117923368207114240	974032573650391041	null	2019-04-16 00:51:15	@thespacecowg1rl Es √©l xDDD
1117923370627153925	182572111	null	2019-04-16 00:51:16	@shul_evolution Anotado!! Gracias!! En cuanto acabe con el que estoy profundizo m√°s en la triste realidad siria.
1117923495013421056	921853189	null	2019-04-16 00:51:45	Yo soy ateo y me duele ver una reliquia en ruinas. #NotreDame
1117923498989641729	2782861914	null	2019-04-16 00:51:46	Hay jengibres muy sexys
1117923541389910016	1102707768178458624	null	2019-04-16 00:51:56	La SEMANA SANTA SE VIVE en la patrona VIP Ven a bailar y exige tu invitaci√≥n de la noche. M√∫sica nueva para gente VIP, atenci√≥n personalizada y mucho m√°s en tu nueva generaci√≥n en LA PATRONA VIP  RESERVA TU MESA CON ANTELACI√ìN Y TENDR√ÅS TU BELLICE BRONZE O GOLD DE REGALO !!! Te https://t.co/TWcZF8OLEs
1117923564819238912	382592853	null	2019-04-16 00:52:02	@BeverlyGili @xxandr0meda Jajajajajajajajajajajajajajajajajajajajajajajajajajajajajajajajajajajajajajajajajajajajajaja
1117923571127468034	742566066	null	2019-04-16 00:52:04	@DAlvarez1976 Vaya un subnormal....mala gente y tonto.
1117923583341232128	811664141295435777	null	2019-04-16 00:52:06	@Escalona_322 Me representa tanto esto
1117923586629566464	715780902417252352	null	2019-04-16 00:52:07	El que se ve√≠a por la catedral andando-corriendo, es de hoy o de otro d√≠a!?
1117923592015106048	114299139	null	2019-04-16 00:52:09	Tristeza y consternaci√≥n ante la noticia del incendio de Notre Dame, uno de los s√≠mbolos m√°s importantes de nuestra civilizaci√≥n occidental. üò¢üò¢üò¢üò¢üò¢üò¢üò¢üò¢ #NotreDameArde #NotreDameEnLlamas #NotreDameFire #ReconstruyendoNotreDame
1117923645672894464	963725109306552320	null	2019-04-16 00:52:21	@d6lopez @Ghetto28Ultras Gracias por la foto, Diego.
1117923662634655744	247433907	null	2019-04-16 00:52:25	@soyzasca vale en forma de terraceo?
1117923683614515200	607277441	null	2019-04-16 00:52:30	@daroduy @sanchezcastejon esto es Ejpania
1117923722864877568	2811837447	null	2019-04-16 00:52:40	@Sefuelix Buenas noches, que descanses. üòÅ https://t.co/x6Y7WzCOdO
1117923724282531842	805879061507612673	null	2019-04-16 00:52:40	Qui√©reme como te quiero yo para q dure este amor!!!!üñ§ https://t.co/KDJBgkpnmr
1117923743190405120	132332305	[-3.70325, 40.4167]	2019-04-16 00:52:45	#gottalentlive3 es ahora una tendencia en #Madrid  https://t.co/a9hYPvUGm2 https://t.co/f8SYAlXxUk
1117923776493236224	136963327	null	2019-04-16 00:52:52	@horablanquiazul @CDLeganes @realmadrid Cu√©llar.
1117923786869886977	378644320	null	2019-04-16 00:52:55	El √∫nico gilipollas aqu√≠ eres t√∫
1117923823637159937	1102707768178458624	null	2019-04-16 00:53:04	La SEMANA SANTA SE VIVE en la patrona VIP Ven a bailar y exige tu invitaci√≥n de la noche. M√∫sica nueva para gente VIP, atenci√≥n personalizada y mucho m√°s en tu nueva generaci√≥n en LA PATRONA VIP  RESERVA TU MESA CON ANTELACI√ìN Y TENDR√ÅS TU BELLICE BRONZE O GOLD DE REGALO !!! https://t.co/ihZYFy5qa4
1117923830557761536	794290290	null	2019-04-16 00:53:05	Paz Padilla demostrando lo cateta que es #GotTalentLive3
1117923928041828353	607277441	null	2019-04-16 00:53:29	@NanaTo05781931 @sanchezcastejon podriais dejar la politica a un lado, y pensar que pra muchos no catolicos, eso es una obra de arte que esta siendo calcinada. No hace falta ser catolico para apenar ese destrozo.
1117923936132579330	568478145	null	2019-04-16 00:53:31	@Zarisi M√°s que por eso, es por el sistema antiincedios que suele haber en sitios de este palo, patrimonio de la humanidad y dem√°s. Sea lo que sea es muy triste :(.
1117923943103516677	2243870232	null	2019-04-16 00:53:32	El gilipollas no es el destino. El gilipollas eres t√∫
1117923945271975937	1158548592	null	2019-04-16 00:53:33	@RoyRibon @adrilik JAJAJAJAJAJJA
1117923960941838340	1102707768178458624	null	2019-04-16 00:53:36	La SEMANA SANTA SE VIVE en la patrona VIP Ven a bailar y exige tu invitaci√≥n de la noche. M√∫sica nueva para gente VIP, atenci√≥n personalizada y mucho m√°s en tu nueva generaci√≥n en LA PATRONA VIP  RESERVA TU MESA CON ANTELACI√ìN Y TENDR√ÅS TU BELLICE BRONZE O GOLD DE REGALO !!! Te https://t.co/6v8Cq5x4Ei
1117924001710575619	216130584	null	2019-04-16 00:53:46	awe no puedo creer que s√≠ wa regresar a roma
1117924065220681733	254689111	[-3.6685681, 40.48192303]	2019-04-16 00:54:01	Buenas noches. üíã‚ù§ en Pinar De Chamartin https://t.co/8rtpNvI6S9
1117924089786712067	2811837447	null	2019-04-16 00:54:07	@betyzapi @JosesanchezJuan @anamoro80 @pilar_vilar @toro_an @AmorRealBlanco @Er_L0L0_XLVII @amuaber59 @MiLLaEsKeR @alcantaralimon @vinicokb @WiedemannUwe @naujzepolatseu @massimo3651 Buenas noches amig@s, feliz martes a tod@s y mucha suerte. üòÅ https://t.co/HW2e7CjWHc
1117924112427552768	204128205	null	2019-04-16 00:54:13	@nogaret Las cosas bien hechas perduran.
1117924132581249024	331619412	null	2019-04-16 00:54:17	DE MI NO TE OLVIDAS NI EN 100 VIDAS
1117924192555544576	364793726	null	2019-04-16 00:54:32	Vaya pico tiene
1117924205041942528	921853189	null	2019-04-16 00:54:35	Esto no es arte... Esto es una tristeza del arte, no me seas energ√∫mena!
1117924257927974912	1162704691	null	2019-04-16 00:54:47	@GotTalentES @ristomejide Totalmente de acuerdo con RISTO a hecho una actuaci√≥n de verg√ºenza de todas formas a m√≠ no me gust√≥ ni la primera con su üé∏ en  m√≥vil ni esta.
1117924271098142720	715780902417252352	null	2019-04-16 00:54:50	@Santi_ABASCAL Como salga el Falconetti, la cola del paro, ser√° como √©sta en cualquier oficina del Inem.
1117924330468466689	982754392880373760	null	2019-04-16 00:55:05	El momento ha llegado... Puede que Badabun est√© en Madrid Chavales prepararos, por que esto va a ardder si realmente est√°n aqqui! https://t.co/yBmGoJSfHM
1117924378849742848	104809518	null	2019-04-16 00:55:16	Cada vez estoy m√°s convencido que gran parte de la sociedad Espa√±ola est√° enferma.
1117924403126439938	2811837447	null	2019-04-16 00:55:22	M√öSICA Y A DORMIR https://t.co/FrGPrqPUO1
1117924404590194692	607277441	null	2019-04-16 00:55:22	@Israelzamo2 @_ElAguijon como a los de colon no?
1117924479332696064	1111891226951892992	null	2019-04-16 00:55:40	¬°Nuevo v√≠deo promocional sobre la aplicaci√≥n HomeHair! Podremos saber m√°s el 7 de mayo. https://t.co/IglzJ51HqT
1117924509271642119	159792920	null	2019-04-16 00:55:47	Estoy esperando a un amigo dice , que cachondo üòú #GOT8x01
1117924522198470667	314730826	null	2019-04-16 00:55:50	Eres cr√≠tica cultural en el √°mbito acad√©mico pero no sabes diferenciar entre Notre Dame y la fachada del Obradoiro en Santiago
1117924557497798656	607277441	null	2019-04-16 00:55:59	@Xosebieito20 @_ElAguijon Ir bien vestido a costado masteres falsos y muchas cositas debajo de la mesa.
1117924604868202501	769312953476710400	null	2019-04-16 00:56:10	...por ti volare... https://t.co/1lV38RIvDO
1117924609511297025	1102707768178458624	null	2019-04-16 00:56:11	Reservas al 628870660 https://t.co/mQi4KC0LBm
1117924659117293568	2811837447	null	2019-04-16 00:56:23	La Luna desde Salamanca, Espa√±a. Foto de @piolinviajero https://t.co/asmYlajX5i
1117924669133340678	607277441	null	2019-04-16 00:56:25	@dedetonetti123 @_ElAguijon como los que van a colon con la bandera del pollo no?
1117924690847326208	742566066	null	2019-04-16 00:56:30	@sorluciacaram Que oportunidad para quedarse muyy calladita SOR.
1117924695490400256	1019356247357784065	null	2019-04-16 00:56:32	Con unas ganas gigantes de volver. https://t.co/lBu6EzLN0H
1117924704457613314	391507529	[-3.43333, 40.3]	2019-04-16 00:56:34	ü•òüíÉüèÉüêÇ‚öΩ, reserva tu d√≠a üìÜ,‚òéÔ∏è636 999 633.,#capeas #fiestascamperas #cumplea√±os #argandadelrey en Arganda https://t.co/aKKejzbGDY
1117924713752420353	306310431	null	2019-04-16 00:56:36	@archivekino_ Los que son un cuadro son la gente que no vota lo que realmente tiene que votarse y lo digo por todas las votaciones desde que empez√≥ fama, se lo merec√≠a la banda de Lohi es mi opini√≥n y mi Twitter y pongo lo que me apetece
1117924717531422720	2382667833	null	2019-04-16 00:56:37	le mando stickers a mi madre y me deja en le√≠do  q hace
1117924763530350592	1349457918	null	2019-04-16 00:56:48	@leo_negrata Primero aprende a jugar y luego te doy unas clases mi nene
1117924881004412928	1102707768178458624	null	2019-04-16 00:57:16	La SEMANA SANTA SE VIVE en la patrona VIP Ven a bailar y exige tu invitaci√≥n de la noche. M√∫sica nueva para gente VIP, atenci√≥n personalizada y mucho m√°s en tu nueva generaci√≥n en LA PATRONA VIP  RESERVA TU MESA CON ANTELACI√ìN Y TENDR√ÅS TU BELLICE BRONZE O GOLD DE REGALO !!! https://t.co/r0tjUZ7dAN
1117924888331870210	301050034	null	2019-04-16 00:57:18	El destino no s√© pero tu @maxpradera te llevas el premio...
1117924959127572480	3812026581	null	2019-04-16 00:57:34	Esta guapa la √∫ltima temporada de GoT, aunque parece muy realista lo de Notre dame
1117924969609158661	2151532681	null	2019-04-16 00:57:37	Que rico es conocer a una persona que sepa llevarse bien contigo en la cama y tambi√©n as√≠ en la vida cotidiana, decirle tus fetiches, gustos extra√±os y se quede ah√≠ y tambi√©n se anime a cumplir tus deseos sexuales, laborales y sentimentales‚ù§ü•∞
1117924999019606016	2250285374	null	2019-04-16 00:57:44	Cada d√≠a flipo m√°s con la gente
1117925011359137793	959892598692483074	null	2019-04-16 00:57:47	@elbarroquista Si quieres verla limpita te vienes a Madrid y la ves en el Museo del Prado, no sea que mientras la restauran se prenda fuego....
1117925035631685632	715780902417252352	null	2019-04-16 00:57:53	Enferma de psiqui√°trico y de maldad.
1117925102706937857	862322768	[-3.708178, 40.418256]	2019-04-16 00:58:09	¬øQu√© es la¬†erotoman√≠a? https://t.co/28i7Rdbv6S https://t.co/UDKvGuXCWA
1117925118305546240	229605474	null	2019-04-16 00:58:12	@eldiarioes @nefeerr @inigoaduriz Vosotros no?
1117925120310484994	607277441	null	2019-04-16 00:58:13	@rubenlodi @DanielBF91 @MADRID va a durar otra semana...
1117925148693340160	742566066	null	2019-04-16 00:58:20	@Donicela3 Y pone la c√°tedra de Santiago..hay que ser gilipollas.
1117925184957186049	974032573650391041	null	2019-04-16 00:58:28	SON TONT√çSIMOS LOS QUIERO MUCHO https://t.co/aFIYVNqlWV
1117925200354521089	3812026581	null	2019-04-16 00:58:32	@TuRojoFav @ainhoaeugercios Yo no le doy like porque las fotos no las ha hecho ella
1117925200295858176	369670761	null	2019-04-16 00:58:32	"@Sau2The @Vicho75 Ves yo por ejemplo soy mas o ""disfruto"" mas de Antichrist de Lars Von Trier que de ""Los Vengadores"", pero respeto las dos, creo que cada pel√≠cula, igual que cada libro tiene su momento, es lo verdaderamente hermoso del arte, la metalectura."
1117925338741387265	3242102973	null	2019-04-16 00:59:05	‚öΩÔ∏è TimeCup Spring 2019 categor√≠a Benjam√≠n F7 5¬∫ Clasificado @CiudadGetafeCF üëè  #SpringTimeCup2019 #TimeTeam #TorneoFutbolBase #FutbolBase #EventosDeportivos #tecnificaci√≥n #primavera #sping #abril #lunes #FootFeelInterAcademy @ForoFutbolBase  @FutMadrid https://t.co/NyKsrhoIqE
1117925373696794626	715780902417252352	null	2019-04-16 00:59:13	Ahora es cuando hay que tomar muy en serio enviarles a sus p. pa√≠ses o los √°rabes.
1117925374074212354	270225908	null	2019-04-16 00:59:13	"@UlyFormoso Pues la tendencia ""...es esto"" va a ser √©pica!"
1117925379967213569	921853189	null	2019-04-16 00:59:15	Est√°n en investigaci√≥n üïµÔ∏è
1117925480173379585	112222822	null	2019-04-16 00:59:39	@maxpradera Eres SUBNORMAL PROFUNDO
1117925522124824577	987222428	null	2019-04-16 00:59:49	@tacobbel T√≠a estamos viendo la misma pel√≠cula? Me ahogo jsjsjsjs
