detected	from
El amor????? de mi vida???????	BABIN DE MI VIDA
EXCLUSIVA!! Comienza GP de la f1 en bakucitycircuit #F1 #AzerbaijanGP #Motorsports #Formula1 . Arranca el Gran Premio, Luz Verde ğŸš¦ğŸš¦ğŸš¦ğŸš¦!!!!!!!! #ExclusivaMadridMotorS #MadridMotorS #bloggerâ€¦	EXCLUSIVA!! Comienza GP de la f1 en bakucitycircuit #F1 #AzerbaijanGP #Motorsports #Formula1 . Arranca el Gran Premio. Vuelta de FormaciÃ³n!!!!. #ExclusivaMadridMotorS #MadridMotorSâ€¦
EXCLUSIVA!! Comienza GP de la f1 en bakucitycircuit #F1 #AzerbaijanGP #Motorsports #Formula1 LAP 7/51. comienza su escalada!!!!. #ExclusivaMadridMotorS #MadridMotorSâ€¦	EXCLUSIVA!! Comienza GP de la f1 en bakucitycircuit #F1 #AzerbaijanGP #Motorsports #Formula1 . Arranca el Gran Premio. Vuelta de FormaciÃ³n!!!!. #ExclusivaMadridMotorS #MadridMotorSâ€¦
"KÃ¼n AgÃ¼ero con seis campaÃ±as de al menos 20 goles en la #PremierLeague... Sin dudas, uno de los tres mejores ""9"" en la historia de la competiciÃ³n"	"KÃ¼n AgÃ¼ero, uno de los tres mejores ""9"" en la historia de la #PremierLeague"
EXCLUSIVA!! Comienza GP de la f1 en bakucitycircuit #F1 #AzerbaijanGP #Motorsports #Formula1 LAP 16/51. se escapa en la Ãºltima curva de un fatal accidente dejando elâ€¦	EXCLUSIVA!! Comienza GP de la f1 en bakucitycircuit #F1 #AzerbaijanGP #Motorsports #Formula1 LAP 4/51. Por primera vez no hay que sacar el Safety Car, estoâ€¦
Lucero - Trem Bala (En Vivo) #BrasileiraEnVivo ğŸ˜­â¤ï¸	Lucero - TalismÃ£ (En Vivo) #BrasileiraEnVivo ğŸ¥°
Lucero - Hasta Que Amanezca (En Vivo) #BrasileiraEnVivo ğŸ‘¸ğŸ¼âœ¨	Lucero - TalismÃ£ (En Vivo) #BrasileiraEnVivo ğŸ¥°
ready!! #AvengersEndgame in Pozuelo de AlarcÃ³n, Madrid)	ready!! KinÃ©polis in Pozuelo de AlarcÃ³n, Madrid)
'Bielsa' acaba de convertirse en TT ocupando la 10Âª posiciÃ³n en EspaÃ±a. MÃ¡s en #trndnl	'Burnley' acaba de convertirse en TT ocupando la 10Âª posiciÃ³n en EspaÃ±a. MÃ¡s en #trndnl
EXCLUSIVA!! Ecuador del GP de la f1 en bakucitycircuit #F1 #AzerbaijanGP #Motorsports #Formula1 LAP 34/51. Besito entre y Kvyat!!!! Madre mÃ­a!!!!! Wackyâ€¦	EXCLUSIVA!! Ecuador del GP de la f1 en bakucitycircuit #F1 #AzerbaijanGP #Motorsports #Formula1 LAP 20/51. 3 Pilotos con el Ãºnico fin de hacerse con la vueltaâ€¦
Vamos! ğŸ’ªğŸ»	Vamos Geta!!!!!!!
EXCLUSIVA!! Ecuador del GP de la f1 en bakucitycircuit #F1 #AzerbaijanGP #Motorsports #Formula1 LAP 41/51. Malas Noticias abandona!!!!!!!. #ExclusivaMadridMotorS #MadridMotorSâ€¦	EXCLUSIVA!! Comienza GP de la f1 en bakucitycircuit #F1 #AzerbaijanGP #Motorsports #Formula1 . Arranca el Gran Premio. Vuelta de FormaciÃ³n!!!!. #ExclusivaMadridMotorS #MadridMotorSâ€¦
EXCLUSIVA!! Ãšltimas Vueltas del GP de la f1 en bakucitycircuit #F1 #AzerbaijanGP #Motorsports #Formula1 LAP 48/51. hace su parada para hacer la vuelta RÃ¡pida!!!! Â¿Loâ€¦	EXCLUSIVA!! Ecuador del GP de la f1 en bakucitycircuit #F1 #AzerbaijanGP #Motorsports #Formula1 LAP 20/51. 3 Pilotos con el Ãºnico fin de hacerse con la vueltaâ€¦
vota xfa ğŸ¥€ en Community of Madrid	Bienvenido a Madrid ğŸ‡ªğŸ‡¸ğŸ‡ªğŸ‡¸ğŸ‡ªğŸ‡¸ #madrid #espaÃ±a #JnJsSpanishAdventure Community of Madrid
EXCLUSIVA!! Termino el GP de la f1 en bakucitycircuit #F1 #AzerbaijanGP #Motorsports #Formula1 LAP 51/51. El Driver of The Day finalmente se lo llevÃ³	EXCLUSIVA!! Ecuador del GP de la f1 en bakucitycircuit #F1 #AzerbaijanGP #Motorsports #Formula1 LAP 34/51. Mientras regresa a Box, toca el momento de Elegir el Driver ofâ€¦
EXCLUSIVA!! Termino el GP de la f1 en bakucitycircuit #F1 #AzerbaijanGP #Motorsports #Formula1 LAP 51/51. AsÃ­ Termino la ClasificaciÃ³n tras la carrera con sÃ³lo 4â€¦	EXCLUSIVA!! Ecuador del GP de la f1 en bakucitycircuit #F1 #AzerbaijanGP #Motorsports #Formula1 LAP 26/51. Tras mÃ¡s de 26 vueltas asÃ­ estÃ¡ la clasificaciÃ³n provisional deâ€¦
